combination,n_trades,win_rate,avg_return,median_return,std_return,profit_factor,sharpe,sortino,expectancy,max_drawdown,avg_drawdown,cagr_annualized,reward_risk_ratio,p_value,effect_size_cohens_d,p_value_vs_baseline,effect_size_vs_baseline,p_adjusted_vs_zero,significant_vs_zero,p_adjusted_vs_baseline,significant_vs_baseline,low_sample_warning,statistically_significant
ict_liquidity_buyside_pool_formed+ict_liquidity_buyside_swept,10282,0.5785839330869481,0.0075943109380083315,0.008276817159757588,0.05675883583150697,1.4537998449623921,0.6716687857831322,0.9803515034755368,0.00752060584615916,-0.768444870028999,-0.21631234548017575,0.16256149899765526,1.0542431553484215,1.425183497271823e-41,0.13379962479414897,0.27679625861662627,0.012553313399233632,2.948655511596875e-41,True,0.3133542550376901,False,False,False
ict_ndog_formed+smc_equal_highs,10547,0.5730539489902342,0.007412732274557485,0.007878492545795979,0.058636613822722256,1.4315282269062264,0.6346140792104833,0.9280262706189347,0.0073553196346195365,-0.820155929947544,-0.23123445351848515,0.15432525288168206,1.0629878693506194,2.999931034613425e-38,0.12641815055979544,0.41698895019113036,0.009351655462484789,5.624870689900172e-38,True,0.43893573704329514,False,False,False
ict_ndog_formed+ict_nwog_formed,421965,0.5698268813764175,0.0076228215526772955,0.007772568443809247,0.062358817121292244,1.42155264339993,0.6136463496530813,0.859246709734656,0.007541164982235681,-0.9999666043347902,-0.3189510501119965,0.15305936489187666,1.068332754277051,0.0,0.12224127885316324,0.05708781092174792,0.012457357330185655,0.0,True,0.0744623620718451,False,False,False
ict_mss_bullish+ict_ob_bullish_formed,8098,0.5698938009385033,0.0067314866294992835,0.00763062579292384,0.05894043833625547,1.3856244979220915,0.5733210618407947,0.8372895046080886,0.006630671926345755,-0.8153276475283316,-0.24760656576747272,0.13425043309207296,1.0397437998492314,1.2607915798750448e-24,0.11420828924101516,0.8777468766110722,-0.001947713919743754,1.759244064941923e-24,True,0.8777468766110722,False,False,False
ict_displacement_bullish+ict_liquidity_buyside_swept,14547,0.5726266584175431,0.0063427553475012815,0.007419944866950745,0.055941150853326925,1.3742385051340462,0.5691763336710801,0.8437033241212386,0.006260574497455436,-0.8009206612298534,-0.2468524758642746,0.12821261870819897,1.0206979149176885,2.6088058935908753e-42,0.1133826396266223,0.40591146715532317,-0.008587396896047686,5.797346430201945e-42,True,0.4349051433807034,False,False,False
ict_liquidity_buyside_swept+smc_internal_ob_bullish_formed,8534,0.5689008671197563,0.0061357387805110065,0.0070240638627807606,0.05551752731349729,1.3584925910183527,0.5548007217886786,0.8291041038746068,0.006065670336803532,-0.7200961078476924,-0.19942460426354744,0.12281163999648788,1.0252351912443345,2.4752603866786396e-24,0.11051894919353335,0.3212499071444228,-0.012139214386262732,3.3753550727435996e-24,True,0.35694434127158087,False,False,False
ict_mss_bullish+smc_internal_ob_bullish_formed,16790,0.5647409172126265,0.0063615505778072175,0.007314797098910253,0.060378732236202146,1.3470682985965277,0.528906939059723,0.7710126023946527,0.006280937532908162,-0.8941950121268367,-0.2744471896725246,0.12123042175162978,1.0336710546918726,3.288948081399336e-42,0.1053607842066106,0.42480518438645853,-0.007977917915587402,7.047745888712863e-42,True,0.43945363902047435,False,False,False
ict_mss_bullish+smc_internal_choch_bullish,12203,0.5660083586003442,0.006529778257675935,0.007625709425834071,0.06222877975933614,1.3468235129083241,0.5267534865498439,0.7602844484614052,0.006440481252649368,-0.8867217926436999,-0.26520551434674733,0.12277060155913104,1.0278133395887907,6.604341870231037e-31,0.10493180619850219,0.6425398333319725,-0.005147899559657814,1.1007236450385062e-30,True,0.653430338981667,False,False,False
smc_internal_choch_bullish+smc_internal_ob_bullish_formed,26575,0.5676387582314205,0.006328651394086107,0.0075573279931751,0.06032850698425177,1.3444002978097245,0.5266097148417604,0.7556715739223273,0.006256400309270799,-0.8778037615772739,-0.25664312974557896,0.12024044189820508,1.0199974417257074,3.252129121958209e-65,0.10490316618871649,0.3363194254131257,-0.008519654911566263,1.6260645609791044e-64,True,0.36689391863250076,False,False,False
ict_ndog_formed+smc_equal_lows,9388,0.5514486578610993,0.005956129249463301,0.005657969488019443,0.05882578867446026,1.33274052018798,0.5082725146421919,0.742827783467273,0.005909247715105138,-0.9364434732744753,-0.30596663902249815,0.11215802762898068,1.0812266147941891,1.3053535997263446e-22,0.10125030847311371,0.21766078184266277,-0.014795666218369315,1.7026351300778408e-22,True,0.2560715080501915,False,False,False
ict_displacement_bullish+ict_mss_bullish,16115,0.5642569035060503,0.006140093321310232,0.007549487046539349,0.061797836043199064,1.32673922946784,0.49877189591603555,0.7175319580636716,0.006059463903037857,-0.8466252766381863,-0.2743644740393138,0.11258455380726001,1.0201870331506806,2.659176542059697e-36,0.09935773992180034,0.25809667276610326,-0.01146897151539936,4.8348664401085394e-36,True,0.2978038531916576,False,False,False
ict_ob_bullish_formed+smc_internal_choch_bullish,10867,0.5689702769853685,0.005840818396323703,0.0075592397573480685,0.059209512380146476,1.3241413940982536,0.49520211310716594,0.6972118142818822,0.005748014858474856,-0.9136023303602302,-0.2698294421343363,0.10835306060798847,0.9979781491990719,1.086206557982331e-24,0.09864662216475517,0.14503564107977843,-0.016654454897942695,1.551723654260473e-24,True,0.17404276929573412,False,False,False
ict_displacement_bullish+ict_ob_bullish_formed,14270,0.564260686755431,0.005592837363659568,0.006426202439304696,0.05691362069071257,1.3281320423613094,0.4933058273529002,0.7169984831919516,0.005529556838579846,-0.8705590248349038,-0.2972550982963769,0.10568645122088462,1.0218303530089805,1.125930881250503e-31,0.09826887300059323,0.04239231361774845,-0.02113821352982212,1.930167225000862e-31,True,0.0565230848236646,False,False,False
ict_displacement_bullish+smc_internal_choch_bullish,11757,0.5648549800119078,0.005757734863912874,0.00722218526291174,0.05979153949253324,1.3106953259102956,0.48340617869045804,0.6846984680417897,0.005710524784985838,-0.8680795103357586,-0.2691327364041064,0.10489767218990581,1.0071492618762594,2.071168023945398e-25,0.09629681578330826,0.10765793312872858,-0.01794217241642106,3.0309775960176557e-25,True,0.13182604056579011,False,False,False
ict_ob_bullish_formed+smc_internal_ob_bullish_formed,23490,0.5621966794380587,0.00532346539734199,0.006313772545803564,0.056408991335525176,1.309624555438692,0.473746889828366,0.6848484627595144,0.005232709017192732,-0.9156724373996096,-0.2720496998199864,0.09883115270531832,1.0144978950581418,3.265999853116776e-47,0.09437263938434201,0.004723323364331874,-0.025775075757562396,9.331428151762218e-47,True,0.006440895496816193,True,False,True
ict_fvg_bullish_formed+smc_fvg_bullish_formed,54883,0.5543610954211686,0.005946758938361557,0.006293152243914246,0.06432117165620203,1.302867944578096,0.464116125037805,0.6762037600865796,0.0058774747225823765,-0.9882885780711468,-0.3874841902056087,0.10276674685706794,1.0436646687019673,1.3504056073733321e-103,0.09245414511643388,0.060727493870876316,-0.014301480962969399,1.0128042055299991e-102,True,0.07752446026069316,False,False,False
ict_ob_bullish_formed+smc_internal_bos_bullish,12623,0.556365364810267,0.00487808196710082,0.005362873904537935,0.05387997939483756,1.2959616010933237,0.45448749986949827,0.677276283018781,0.0047893091943418085,-0.8979067341066123,-0.2840214562940854,0.09069939954210053,1.0278379778000588,3.2809991870779546e-24,0.09053607707148097,0.0015147553283422325,-0.03398259018638687,4.374665582770606e-24,True,0.0021639361833460467,True,False,True
ict_displacement_bullish+smc_internal_ob_bullish_formed,25573,0.5557814882884292,0.0050069413584636355,0.005638450193554245,0.05711293691479141,1.2849090226608384,0.44008673860459396,0.6478467979942822,0.004944843036247804,-0.9606290965387715,-0.31662617084351136,0.08914306437881452,1.023370867270857,1.7341298864902306e-44,0.0876673767614796,0.0005429188781547437,-0.030946495359342015,4.1619117275765535e-44,True,0.0008143783172321155,True,False,True
ict_bos_bullish+ict_displacement_bullish,34179,0.5568331431580795,0.004806443790873142,0.0053976201382377464,0.05529853230900028,1.2878310167187892,0.4363254381294265,0.6446341593292005,0.0047411447785710645,-0.8640597783012698,-0.31400696912559517,0.08677994468040943,1.0209538871507509,6.857891959562534e-58,0.08691810777210907,3.762558524244447e-05,-0.0348192315154567,2.57170948483595e-57,True,6.270930873740745e-05,True,False,True
ict_volume_imbalance_bullish+smc_fvg_bullish_formed,10325,0.5484745762711865,0.0055899880093703445,0.005482411663045195,0.0649416098782267,1.283421849745349,0.43210381063987247,0.6212901247391657,0.005522064780096345,-0.9071086875399597,-0.3301953743152215,0.09163445181288796,1.0529362376685312,2.543991210914492e-18,0.08607713944653116,0.09379675324423024,-0.019855971541913042,3.05278945309739e-18,True,0.1172459415552878,False,False,False
ict_bos_bullish+ict_liquidity_buyside_swept,8890,0.5575928008998875,0.004562460114243636,0.005834499933389359,0.05505404236040409,1.261813960408392,0.4160161001716921,0.6149962487097554,0.00446891378957897,-0.8340186955500001,-0.3015099829299749,0.08019022943105351,0.9958071844094473,6.181636052117502e-15,0.08287239081148823,0.00118318708980004,-0.039054694769431186,6.998078549566984e-15,True,0.0017314933021464,True,False,True
ict_fvg_bullish_formed+ict_volume_imbalance_bullish,20053,0.553333665785668,0.00457925496896839,0.005549132708112081,0.05712577219515578,1.2595908980408865,0.4024046699015069,0.5811052721704922,0.004517990288067406,-0.9452042395101534,-0.3647963049751515,0.077414702327614,1.0132577826165243,8.989779457798147e-30,0.08016092899934064,5.833070928715209e-05,-0.038127061281099724,1.4578020742375373e-29,True,9.210111992708225e-05,True,False,True
ict_displacement_bullish+smc_internal_bos_bullish,13816,0.5480602200347423,0.004368038691731826,0.0045353286937247494,0.054724453941344446,1.2606439603391852,0.4006870535402661,0.6165385112765847,0.004295257073486488,-0.8964055024216602,-0.32122819642661105,0.07591341323849914,1.0350532886197454,7.465570962304003e-21,0.07981877163020466,4.853065601211104e-05,-0.0424874916279935,9.530516122090217e-21,True,7.86983611007206e-05,True,False,True
ict_fvg_bullish_formed+smc_internal_ob_bullish_formed,8953,0.5569082988942254,0.0045470813741437304,0.005860770987518471,0.058508093371356845,1.2484513118332743,0.3901369199297292,0.5673488388551385,0.004477616419684725,-0.9495156465175947,-0.3794230226758658,0.07450274070894045,0.9895466474859808,2.0988471176358972e-13,0.07771713470960231,0.0017088134104246788,-0.03823876491041292,2.3320523529287745e-13,True,0.0023843908052437377,True,False,True
smc_internal_bos_bullish+smc_internal_ob_bullish_formed,32142,0.5493435380499035,0.0041596496087959,0.0046808812271744715,0.05434176281937253,1.245451680421031,0.3842583351926477,0.5716996094901085,0.004077354479366427,-0.8443677540898304,-0.32176578309785037,0.07044429517351439,1.0167744222273976,9.716929784894957e-43,0.07654609259957626,6.667469720357133e-08,-0.04619759642211267,2.2423684118988362e-42,True,1.3334939440714265e-07,True,False,True
ict_bos_bullish+ict_ob_bullish_formed,12310,0.5521527213647441,0.004151566282125172,0.005295885149018464,0.05553067674758129,1.23904340888843,0.3753006185985778,0.537649469368277,0.0040660904842314445,-0.903913359657986,-0.3591129532467271,0.06824489884422733,1.000057693270844,1.199937358753778e-16,0.07476167274165263,2.3403068760599976e-05,-0.04589632078759748,1.3845431062543592e-16,True,4.0119546446742815e-05,True,False,True
ict_displacement_bullish+ict_fvg_bullish_formed,15257,0.5526643507898014,0.004225432128402361,0.005497960637093069,0.058964113118351875,1.2284112445375297,0.35973577517272115,0.5158673866761407,0.004154689375372427,-0.9893236043940827,-0.3933643456999425,0.0649948173170955,0.99050854502024,9.568116001131784e-19,0.07166108171458693,2.3015581652039497e-05,-0.043421393949457994,1.1716060409549124e-18,True,4.0119546446742815e-05,True,False,True
ict_bos_bullish+ict_volume_imbalance_bullish,15334,0.5472805530194339,0.003694437339079738,0.004578922158423038,0.05359788613472548,1.2198704620027914,0.34601977037377774,0.5078961489110407,0.0036092921715537747,-0.9437476001990965,-0.40607235615242665,0.05910687354321235,1.0040092088957675,1.5249814732878787e-17,0.0689287881576761,7.372890632308023e-08,-0.054512363453216195,1.7940958509269162e-17,True,1.4270110901241335e-07,True,False,True
ict_bos_bullish+smc_internal_ob_bullish_formed,26590,0.5477999247837533,0.003658630437941025,0.004471802672051828,0.05472425158329006,1.2113973606311157,0.33561316060692853,0.49084957814238844,0.0035732893271741076,-0.908662644113931,-0.3823959929321523,0.05637568295158509,0.9950823438110189,1.2929673580045132e-27,0.06685574187108995,7.589906604675002e-10,-0.05463573673073654,1.989180550776174e-27,True,1.5703255044155175e-09,True,False,True
ict_volume_imbalance_bullish+smc_internal_ob_bullish_formed,10187,0.5514871895553156,0.0035096231828506937,0.00507725355894606,0.055250484968647824,1.1975486616489368,0.3188780797440662,0.4540425780732789,0.0034511058354668306,-0.9610800790313755,-0.46483616865716565,0.051343293541082934,0.9707434327428368,1.50655238424437e-10,0.06352203396662034,7.608567751341403e-07,-0.05694629853550052,1.6141632688332535e-10,True,1.426606453376513e-06,True,False,True
ict_bos_bullish+smc_internal_bos_bullish,20948,0.5433454267710521,0.0033786518618910757,0.0038970846020693894,0.05421724158533976,1.1970424144894718,0.31282848855042616,0.464913537381728,0.003290368322889054,-0.8814001755373316,-0.3426255079921702,0.04986384322119587,1.0009007783075299,2.0503139284419953e-19,0.06231692655505102,1.8573434852402036e-10,-0.05967231819921547,2.562892410552494e-19,True,3.9800217540861506e-10,True,False,True
ict_displacement_bullish+ict_volume_imbalance_bullish,11993,0.543983990661219,0.003603691184450162,0.004981843912783779,0.05949721308372184,1.1929728143059657,0.3040543453112691,0.418874019081946,0.0035351479452274473,-0.9741616958221122,-0.5190017733434715,0.04721280091218046,0.9963992742417545,3.428928571329039e-11,0.06056907538474462,1.365492267585351e-06,-0.05348016483125115,3.7406493505407705e-11,True,2.4827132137915467e-06,True,False,True
ict_displacement_bullish+smc_fvg_bullish_formed,8006,0.5453409942543093,0.0038986492626314046,0.005255221860558379,0.06653305638573649,1.1827258116258605,0.2941554925668071,0.4134441004450633,0.0038280779436947777,-0.9821510030146527,-0.4632714383693761,0.04300382511676479,0.9828055988498906,1.6197521203850976e-07,0.05859717671811641,0.0004599051773561937,-0.04593330064463842,1.6197521203850976e-07,True,0.0007075464267018364,True,False,True
ict_fvg_bullish_filled+ict_fvg_bullish_formed,101087,0.5109361243285486,-0.001028274940968715,0.0011738145297923719,0.05578815152990415,0.94852481775195,-0.09252680174578513,-0.12619622803066327,-0.0010988304510591955,-1.0,-0.9934092452654033,-0.06349740985041788,0.9047247114509878,4.636439305790336e-09,-0.018431780096128985,7.759434294870297e-74,-0.13374816810389706,4.796316523231382e-09,True,1.939858573717574e-73,True,False,True
ict_fvg_bullish_filled+smc_fvg_bullish_formed,49108,0.5051722733566832,-0.001495657491325962,0.0007150870065832926,0.060562730407362646,0.931736421191474,-0.12397296105657814,-0.16987413164799434,-0.0015689352047853766,-1.0,-0.9955799274875471,-0.08119469466827386,0.9096148171894674,4.453544306091313e-08,-0.024696004973120137,2.2499780438152447e-67,-0.13633064708405324,4.529028107889471e-08,True,5.192257024189026e-67,True,False,True
ict_fvg_bullish_filled+ict_volume_imbalance_bullish,17735,0.49861855088807444,-0.002572147974878962,0.0,0.05368373689000744,0.8708085322278467,-0.24052126594552012,-0.32597577967489627,-0.0026418011750666617,-1.0,-0.9812622852425115,-0.09661724114974536,0.8725810702330601,1.8063814118025927e-10,-0.04791298303523531,2.463230033267341e-62,-0.16268488200027598,1.9014541176869398e-10,True,5.473844518371869e-62,True,False,True
ict_displacement_bearish+ict_fvg_bearish_formed,11896,0.42913584398117016,-0.007959073957495177,-0.008924492455350763,0.07679619842581045,0.7342911344817755,-0.520263176951208,-0.7616273271175144,-0.008060868379590795,-1.0,-0.9936751617211659,-0.2445713173946316,0.9734931240299035,1.776741118574454e-29,-0.10363890557921433,1.6414366780795537e-74,-0.2123803416045701,2.8053807135386113e-29,True,4.282008725424923e-74,True,False,True
ict_ob_bearish_formed+smc_internal_ob_bearish_formed,16392,0.43502928257686674,-0.007693792542561568,-0.007839174576775743,0.06993940302037291,0.7308440587083987,-0.552228505948112,-0.8040601262009716,-0.007764960807670428,-1.0,-0.99700381488948,-0.22732330135224782,0.9467869042698341,8.657753598876764e-45,-0.11000655153319532,1.7911486950003027e-102,-0.2202841348921595,2.1644383997191909e-44,True,6.7168076062511356e-102,True,False,True
ict_ob_bearish_formed+smc_internal_choch_bearish,9554,0.4365710697090224,-0.007564440347767644,-0.007591644463869396,0.06812232990438725,0.7290727990018833,-0.5574264595143666,-0.807714560897394,-0.007647676611879782,-1.0,-0.9917867416931744,-0.2224101776638497,0.9381284373634876,2.7608201595194247e-27,-0.11104200866859186,1.1588534773143747e-71,-0.22153589278048222,4.1412302392791374e-27,True,2.7812483455544992e-71,True,False,True
ict_mss_bearish+smc_internal_choch_bearish,12926,0.4361751508587343,-0.007546614091079257,-0.007825894039176773,0.06552938513807006,0.722076771581148,-0.5781177710471118,-0.8242417876727294,-0.007617589226245187,-1.0,-0.9889962357175254,-0.21892473127242357,0.9309641810257829,6.362196204326535e-39,-0.1151638165866898,1.6194259613941617e-93,-0.22593438930891369,1.2313928137406196e-38,True,5.11397672019209e-93,True,False,True
ict_displacement_bearish+ict_ob_bearish_formed,10502,0.4291563511712055,-0.008581157521318454,-0.008867163808709333,0.07250222089963881,0.7127853156440812,-0.5941482666649026,-0.8723616623226343,-0.008646086142097869,-1.0,-0.9960430698706569,-0.24785113210321572,0.9460576343871518,1.2416578228135866e-33,-0.11835716775072201,5.0282372376351204e-80,-0.228979743855043,2.1911608637886825e-33,True,1.371337428445942e-79,True,False,True
smc_internal_choch_bearish+smc_internal_ob_bearish_formed,26492,0.4361694096330968,-0.007725491596089506,-0.0075351462837246475,0.06500559549763452,0.7153605193380207,-0.5965895662635591,-0.8463805029212179,-0.007798368876853902,-1.0,-0.9976785454745687,-0.22174127944754088,0.9222609828280826,8.637881370033366e-83,-0.11884348627143379,2.0164270662708077e-147,-0.2297109921115473,5.758587580022244e-82,True,1.7283660568035494e-146,True,False,True
ict_displacement_bearish+smc_internal_choch_bearish,12204,0.43534906588003935,-0.008005538733595644,-0.00763117177316508,0.06551344690586108,0.7086274034898032,-0.6134234633290663,-0.865560085519073,-0.008065476043906023,-1.0,-0.9961107354835385,-0.22788566954855413,0.9170943019755106,3.1193730778340074e-41,-0.12219687883464787,1.2616659209647508e-95,-0.23316697279349552,6.238746155668015e-41,True,4.205553069882503e-95,True,False,True
ict_mss_bearish+smc_internal_ob_bearish_formed,15940,0.4323086574654956,-0.008209310389197427,-0.008270265703732904,0.06643529600275858,0.7053506858606542,-0.6203089858529888,-0.8866969799666227,-0.008277212063047053,-1.0,-0.9930172485060982,-0.2330641175202122,0.9239879032454108,1.8120001543635215e-54,-0.12356850775311597,5.518116745511324e-115,-0.23461422786671549,6.395294662459488e-54,True,2.5468231133129188e-114,True,False,True
ict_displacement_bearish+ict_mss_bearish,16782,0.4335001787629603,-0.0083143254920936,-0.008074746528315857,0.0638399622087154,0.6935350506205329,-0.6537845775113857,-0.9146311977914418,-0.008382986741590479,-1.0,-0.992054379243795,-0.23189270034618342,0.904026513406806,2.4218855499181314e-63,-0.1302370052305346,2.456323548076671e-126,-0.24125234062702772,1.1177933307314452e-62,True,1.4737941288460028e-125,True,False,True
ict_displacement_bearish+smc_internal_ob_bearish_formed,19832,0.4277430415490117,-0.009088544584189399,-0.008874785784941275,0.06930514350233527,0.6893451393657513,-0.658308018888192,-0.9425656004325097,-0.009147955666971862,-1.0,-0.9972080276965836,-0.2536010748936107,0.9203728690859955,1.616084119150665e-75,-0.13113809632156892,1.2958291268368199e-139,-0.242642954148398,9.696504714903992e-75,True,9.718718451276149e-139,True,False,True
ict_bos_bearish+smc_internal_ob_bearish_formed,14464,0.41074391592920356,-0.009928749423332503,-0.011400163268919461,0.07367885572270264,0.6815442584742016,-0.6764753068836761,-1.027056587800065,-0.009976377084932014,-1.0,-0.9968825814772949,-0.27504300266669773,0.9762567984540406,1.481207612556564e-58,-0.13475710671593888,4.61398780331615e-116,-0.24665280367698403,5.924830450226256e-58,True,2.3069939016580745e-115,True,False,True
ict_fvg_bearish_formed+smc_fvg_bearish_formed,53374,0.4223779368231723,-0.010083590204448366,-0.010266879432403342,0.0745771792351365,0.676406115178628,-0.6787494727908159,-0.9545471107315114,-0.01015958089898604,-1.0,-0.998833195606781,-0.2809225569263687,0.9227674801418873,2.742816110329309e-212,-0.13521013140836996,3.2921024283394007e-239,-0.24715697543923654,4.114224165493964e-211,True,4.938153642509101e-238,True,False,True
ict_displacement_bullish+ict_fvg_bullish_filled,12323,0.4589791446887933,-0.007407615587702283,-0.0038174256146462637,0.05443445267452184,0.674469516687355,-0.6831323417048389,-0.9003571344239657,-0.007479518375933442,-1.0,-0.989079503731607,-0.20201544697608245,0.7925255318076664,4.207467493085245e-51,-0.13608321979453708,1.8795943929955871e-112,-0.24470649806496714,1.3286739451848143e-50,True,8.055404541409659e-112,True,False,True
smc_internal_bos_bearish+smc_internal_ob_bearish_formed,16686,0.4124415677813736,-0.010313763032899005,-0.011170207680114008,0.07421592951677601,0.6723179546946995,-0.6976221931563275,-1.0426662749120097,-0.010374879363874871,-1.0,-0.9970193361628309,-0.28294198279571053,0.955918510126073,2.1990176334973187e-71,-0.13896966729450783,1.6270416370543612e-132,-0.25123699251340387,1.1994641637258102e-70,True,1.0846944247029075e-131,True,False,True
ict_displacement_bearish+ict_liquidity_sellside_swept,11926,0.42059366090893846,-0.009810616685084707,-0.010014361765788626,0.0698325771553751,0.670838231203173,-0.7052425515783924,-1.0557838696878166,-0.009840840347293194,-1.0,-0.9962672507188239,-0.2671410401162542,0.9232050059799647,1.2706957644200839e-52,-0.1404876790277469,1.2812432185164897e-107,-0.252564378755692,4.235652548066946e-52,True,5.124972874065959e-107,True,False,True
ict_bos_bearish+smc_internal_bos_bearish,9955,0.40331491712707185,-0.010811695875445181,-0.012976792646659296,0.07643282594682486,0.6667705537871352,-0.7100912713331982,-1.0925328684410562,-0.010866409534031007,-1.0,-0.9949241946137695,-0.29493682718573777,0.9847943671127551,8.4687815917608e-45,-0.14145356712267834,4.4167860796004286e-92,-0.2540211508927315,2.1644383997191909e-44,True,1.261938879885837e-91,True,False,True
ict_fvg_bearish_formed+ict_volume_imbalance_bearish,13284,0.41847335140018066,-0.010166186306620226,-0.009846993638118806,0.06981278243292052,0.6552904656694558,-0.7310101166547714,-1.0032258726196017,-0.010238902203469433,-1.0,-0.992367350191937,-0.27767507815312675,0.9083771053154933,1.4155506269081568e-62,-0.14562070085644255,4.59856071507505e-121,-0.25799584208686155,6.0666455438921e-62,True,2.508305844586391e-120,True,False,True
ict_displacement_bearish+ict_volume_imbalance_bearish,8628,0.41411682892906815,-0.010606578656964238,-0.010595171492596478,0.0682657013578734,0.6444514163533573,-0.7799612576204465,-1.0711878704818352,-0.010671635647780512,-1.0,-0.9933028259543101,-0.28515430750750387,0.9097713249611907,1.1344812270021874e-46,-0.15537200154673184,1.0422600684987128e-95,-0.26798403564218715,3.094039710005966e-46,True,3.6785649476425154e-95,True,False,True
ict_volume_imbalance_bearish+smc_fvg_bearish_formed,8374,0.40148077382374014,-0.013494950506849344,-0.0137408788078901,0.08288162253108686,0.6177448312949795,-0.817359890238762,-1.1371949555567646,-0.013572602706098141,-1.0,-0.9936981155817308,-0.3555358941043063,0.9189000301327163,1.4228043704805728e-49,-0.16282198748929802,1.50814722520441e-92,-0.27820557185671607,4.268413111441719e-49,True,4.52444167561323e-92,True,False,True
ict_bos_bearish+ict_displacement_bearish,19046,0.40144912317546994,-0.012935642865990084,-0.012537879411169905,0.07419207297745124,0.6025319992457558,-0.8752473035859677,-1.2506040359005304,-0.012989975282849248,-1.0,-0.9974955763742428,-0.3400004620151744,0.8968632858247381,4.73449990260294e-126,-0.17435343624812233,5.27831612955724e-191,-0.2896719647147706,4.058142773659663e-125,True,5.27831612955724e-190,True,False,True
ict_fvg_bearish_filled+ict_fvg_bearish_formed,86287,0.39710501002468507,-0.014194024884380966,-0.012121198331954908,0.06399199725841993,0.5297555418927112,-1.11347422288767,-1.447363887874033,-0.014263229709702192,-1.0,-0.9993078833408082,-0.34084674225207534,0.8024486178566288,0.0,-0.22180937449195406,0.0,-0.3343878837303201,0.0,True,0.0,True,False,True
ict_fvg_bearish_filled+smc_fvg_bearish_formed,50427,0.39074305431614015,-0.016084638993376497,-0.013907891746181011,0.06906560735179842,0.5117188324856131,-1.1690948652728226,-1.5236635231432372,-0.0161620190765083,-1.0,-0.9988361847678384,-0.37810725554156877,0.7960157295227633,0.0,-0.2328892716666693,0.0,-0.34982728584990236,0.0,True,0.0,True,False,True
ict_fvg_bearish_filled+ict_volume_imbalance_bearish,12464,0.3823812580231066,-0.016299875684576928,-0.013730064260848884,0.06477475503766028,0.4810718783391083,-1.2632193898531674,-1.6077090594249153,-0.016369395441011965,-1.0,-0.9941311604736183,-0.378235850908504,0.7753069864713997,1.952488126246635e-168,-0.2516393257697404,2.6231793526388553e-233,-0.3655325662783458,1.952488126246635e-167,True,3.1478152231666266e-232,True,False,True
ict_displacement_bearish+ict_fvg_bearish_filled,10389,0.35681971315814803,-0.020471741972635994,-0.016924527526718913,0.06594035325321768,0.3992582538966609,-1.5584892106584454,-1.9651010450346986,-0.020579177234713815,-1.0,-0.9939520561536633,-0.4429343777094144,0.7174154920975608,6.837987526830062e-210,-0.3104584819863251,5.825864908671216e-275,-0.42736826517872106,8.205585032196074e-209,True,1.165172981734243e-273,True,False,True
