signal,n_trades,win_rate,avg_return,median_return,std_return,profit_factor,sharpe,sortino,expectancy,max_drawdown,avg_drawdown,cagr_annualized,reward_risk_ratio,mean_return,ci_lower,ci_upper,p_value,effect_size_cohens_d,p_value_vs_baseline,effect_size_vs_baseline,p_adjusted_vs_zero,significant_vs_zero,p_adjusted_vs_baseline,significant_vs_baseline,low_sample_warning,statistically_significant
smc_swing_choch_bullish,2721,0.5685409775817714,0.007293261943935417,0.006513777056594838,0.05458198757528431,1.4601523690436087,0.67076861828638,1.0818907006829255,0.007225470381607042,-0.8321062041549875,-0.1970357321458016,0.15795527120769787,1.1033730571506002,0.007293261943935417,0.005371265831618076,0.009352551171038623,3.960011425330034e-12,0.13362030713659712,0.6913454234216678,0.007613757039747546,4.4951481044286874e-12,True,0.7082075069197573,False,False,False
smc_equal_highs,10547,0.5730539489902342,0.007412732274557485,0.007878492545795979,0.058636613822722256,1.4315282269062264,0.6346140792104833,0.9280262706189347,0.0073553196346195365,-0.820155929947544,-0.23123445351848515,0.15432525288168206,1.0629878693506194,0.007412732274557485,0.00627888329768125,0.008502718747062786,2.999931034613425e-38,0.12641815055979544,0.41698895019113036,0.009351655462484789,3.937409482930121e-38,True,0.48648710855631877,False,False,False
smc_swing_ob_bullish_formed,7319,0.5686569203443094,0.0064848127261792465,0.006280890951790852,0.0515771235121402,1.4327289632473004,0.6311616334644837,0.9644030403113729,0.006413269824122502,-0.7072308177808667,-0.1873714359895966,0.13898441155283842,1.0816036526965442,0.0064848127261792465,0.005365952716187625,0.007707201345735932,8.762942246200011e-27,0.12573040690516318,0.6132482656339862,-0.006398007991554648,1.1152835586072741e-26,True,0.6439106789156855,False,False,False
ict_liquidity_buyside_pool_formed,59340,0.5712504213009775,0.007403535505686524,0.008155822347474473,0.05890654450419827,1.4194137334117054,0.630922312429193,0.9228195715794653,0.007332481252742645,-0.9739843044352863,-0.2755472906715505,0.15331263236663253,1.0610638977123317,0.007546585523472601,0.006721499395921854,0.00837929941018383,2.9393834949310935e-204,0.12568273301379737,0.23141415789554565,0.009179024781938359,1.1223100617009629e-203,True,0.3135288590842876,False,False,False
ict_nwog_formed,421965,0.5698268813764175,0.0076228215526772955,0.007772568443809247,0.062358817121292244,1.42155264339993,0.6136463496530813,0.859246709734656,0.007541164982235681,-0.9999666043347902,-0.3189510501119965,0.15305936489187666,1.068332754277051,0.00834188925562101,0.0075283236463428395,0.009225736974282799,0.0,0.12224127885316324,0.05708781092174792,0.012457357330185655,0.0,True,0.08267889857632457,False,False,False
smc_swing_bos_bullish,4598,0.5687255328403654,0.0060063894287641665,0.006149610367198521,0.04971334923734415,1.4149587533232957,0.6065138659057228,0.8958374541936787,0.005933025687404732,-0.7098181555092364,-0.19388856065769586,0.12790456711045817,1.06757691025119,0.0060063894287641665,0.004619259948309196,0.007476277851851489,3.28034625254944e-16,0.12082045408142064,0.31160814250819824,-0.015019555278225644,3.827070627974347e-16,True,0.3965921813740705,False,False,False
ict_ndog_formed,1941685,0.5655397245176226,0.0071218270182673285,0.007227441514158439,0.0612670792814197,1.3958989184747799,0.5835317810439518,0.8272340202457554,0.007039437481344359,-1.0,-0.6458654798606435,0.14065337563555905,1.0674717802578029,0.006782843837038752,0.0059370238594138956,0.007650742075056816,0.0,0.11624231319326406,0.49279952101584634,0.004429416526805315,0.0,True,0.5446731548069881,False,False,False
ict_liquidity_buyside_swept,44563,0.5702039808809999,0.006387574879839146,0.007244401813155221,0.05585013483654743,1.375194183786063,0.5741323902721291,0.8473529886308184,0.006319750876674378,-0.9254031202520698,-0.27885408373363213,0.1294379712333261,1.0324509816641765,0.0067332243276252545,0.0059503150770012486,0.007468688150074918,5.829850894842554e-128,0.11436990973313138,0.3317053714440723,-0.007833089048535942,1.2887038820178278e-127,True,0.4035833104957508,False,False,False
ict_mss_bullish,36729,0.5660377358490566,0.006711447792214272,0.007610027135860564,0.06132064012034352,1.3618200873745934,0.5494267584515814,0.802684324110683,0.006635493814521418,-0.9011457446894937,-0.2433939487435967,0.12957767944516627,1.0398043322262769,0.006957943211433934,0.006120531738777415,0.007841834421771735,4.075195661438351e-97,0.10944843007253124,0.7865081154178286,-0.0022359908211950805,7.441661642626554e-97,True,0.7865081154178286,False,False,False
smc_internal_ob_bullish_mitigated,54395,0.5640959647026381,0.007193771424230269,0.007807585777388049,0.06597594987339532,1.3698867915165687,0.5473577267679735,0.7566683118364548,0.007122148239194055,-0.9839753756465492,-0.32600351031115765,0.1335865579763157,1.0546931809016888,0.007614868501618028,0.006664891760904371,0.008514601707378265,7.910634730439675e-142,0.10903626909555332,0.4782203709439586,0.005389144157262326,1.9543921098733316e-141,True,0.5428447453958449,False,False,False
ict_ob_bullish_mitigated,20676,0.5801412265428516,0.009374293434143562,0.011422191658346126,0.08726050316964033,1.3751156984265778,0.539288427762186,0.6445368912236863,0.009322368315823119,-0.990633274966356,-0.43549627476744435,0.14120830688130465,0.9931327466002037,0.009354323413990407,0.008144758863045522,0.010524299549860281,1.5655681357378114e-53,0.10742882625738819,0.0004889548760244173,0.033387907698357686,2.191795390032936e-53,True,0.0008214441917210211,True,False,True
smc_internal_choch_bullish,26575,0.5676387582314205,0.006328651394086107,0.0075573279931751,0.06032850698425177,1.3444002978097245,0.5266097148417604,0.7556715739223273,0.006256400309270799,-0.8778037615772739,-0.25664312974557896,0.12024044189820508,1.0199974417257074,0.006412694910615865,0.005594472354824431,0.007257315451363873,3.252129121958209e-65,0.10490316618871649,0.3363194254131257,-0.008519654911566263,4.709980107663613e-65,True,0.4035833104957508,False,False,False
smc_equal_lows,9388,0.5514486578610993,0.005956129249463301,0.005657969488019443,0.05882578867446026,1.33274052018798,0.5082725146421919,0.742827783467273,0.005909247715105138,-0.9364434732744753,-0.30596663902249815,0.11215802762898068,1.0812266147941891,0.005956129249463301,0.004705904443610841,0.007155342184190572,1.3053535997263446e-22,0.10125030847311371,0.21766078184266277,-0.014795666218369315,1.6124956231913668e-22,True,0.30472509457972785,False,False,False
smc_swing_ob_bullish_mitigated,6820,0.5693548387096774,0.005941664889225719,0.007671497692682827,0.05987394470414977,1.3276514299856965,0.4981619495865586,0.6847975230692612,0.005867268567851299,-0.874278245520962,-0.2336100412108568,0.10988988921921457,1.0000979739140259,0.005941664889225719,0.004553646462095182,0.007308656605274503,2.961528502239669e-16,0.09923623570460878,0.2717612339130951,-0.014908561306650763,3.5538342026876027e-16,True,0.35668661951093733,False,False,False
smc_fvg_bullish_formed,68299,0.5558060879368658,0.006537339464180111,0.0065549693817872345,0.06621378120893424,1.3288874234258314,0.49562467296386803,0.7204922066471524,0.006470284705212721,-0.9918207089962866,-0.38123490880313393,0.1156830581169468,1.058461055680921,0.006644843690759608,0.005680908023614116,0.00754440721574659,4.199686713242303e-146,0.0987307981030696,0.5064867850005056,-0.0048668266216871335,1.1759122797078449e-145,True,0.5454473069236214,False,False,False
ict_ob_bullish_formed,32750,0.5638778625954198,0.005464403991766256,0.006424146838793443,0.056303981142750904,1.3196064837784618,0.48719628302866674,0.6987873309082192,0.005376571338753012,-0.9219281871989315,-0.2737953248434131,0.10281936349498656,1.0154117146527286,0.005746402679850588,0.005017046568253174,0.006516625297285969,9.709018895780984e-69,0.09705182263953983,0.0058984942520498565,-0.02341383262243319,1.5102918282325975e-68,True,0.008847741378074786,True,False,True
ict_fvg_bullish_formed,112764,0.55906140257529,0.005629047089324306,0.006254807348069158,0.05908000684732725,1.3139183894646946,0.47829365009581354,0.6915259319479824,0.005562443523918707,-0.9766257001853953,-0.3661153286056352,0.10295706448567615,1.0324686586292005,0.0054175231942345066,0.004628466799941195,0.006196012260213489,1.3019632139575756e-223,0.09527837570958171,0.0047909618883387834,-0.020173322068077204,5.4682454986218176e-223,True,0.007452607381860329,True,False,True
ict_displacement_bullish,213796,0.5604174072480308,0.005654868981633877,0.006458736455821956,0.06003271486351308,1.3091776466184637,0.47286245604355326,0.6654396035311058,0.0055776719377146275,-0.9982810179132254,-0.404654560797309,0.10162192131513823,1.0225823080285068,0.005827813962071884,0.004986268879455926,0.006696820413471011,0.0,0.09419645595723034,0.004087446992599007,-0.01959499462299564,0.0,True,0.00660279898804455,True,False,True
smc_internal_ob_bullish_formed,58717,0.5576238568046733,0.0051413282102926935,0.00585193328973288,0.05713880484184336,1.292226364975445,0.4516941306788212,0.659459137216387,0.0050630888568203546,-0.9284895154407415,-0.30123691468779423,0.09270149628939356,1.0206149226762267,0.005907258247399859,0.005136133384623269,0.006715057659598818,5.6204293809908974e-105,0.08997962460929256,0.0002062086052338273,-0.02868301176937386,1.0729910636437168e-104,True,0.00036086505915919776,True,False,True
ict_volume_imbalance_bullish,118438,0.554205575913136,0.004916858268639889,0.005575710276098711,0.05863006567883927,1.272836373902003,0.42098592814532015,0.5892113922802696,0.004853836052765952,-0.9831274272686957,-0.4064082876247374,0.08358433774505425,1.0202819331929782,0.004934312872770927,0.00413484999882498,0.00573802294530315,1.5852641451642495e-182,0.08386240424107999,7.119325960152254e-06,-0.03206497038279117,5.121622622838344e-182,True,1.3000508275060636e-05,True,False,True
ict_bos_bullish,81274,0.5513817456997318,0.004270743560273713,0.004961427968208754,0.05456942116162377,1.2528572771952082,0.39287502169493577,0.5757577148239233,0.004192560178681502,-0.9656920611636266,-0.3749973300687086,0.07307250909199321,1.014659789820938,0.004418790213451094,0.0036406854723044176,0.00514859733259153,6.115386641675393e-110,0.07826257763710963,4.321103944627826e-09,-0.044208557200403564,1.2230773283350786e-109,True,9.55191398286151e-09,True,False,True
smc_internal_bos_bullish,32142,0.5493435380499035,0.0041596496087959,0.0046808812271744715,0.05434176281937253,1.245451680421031,0.3842583351926477,0.5716996094901085,0.004077354479366427,-0.8443677540898304,-0.32176578309785037,0.07044429517351439,1.0167744222273976,0.004051917916451435,0.0032947580437012896,0.0047924058104284,9.716929784894957e-43,0.07654609259957626,6.667469720357133e-08,-0.04619759642211267,1.3164872611793167e-42,True,1.2728805829772707e-07,True,False,True
ict_fvg_bullish_filled,101087,0.5109361243285486,-0.001028274940968715,0.0011738145297923719,0.05578815152990415,0.94852481775195,-0.09252680174578513,-0.12619622803066327,-0.0010988304510591955,-1.0,-0.9934092452654033,-0.06349740985041788,0.9047247114509878,-0.0008374894760767118,-0.0015688097845713079,-0.00012422542472929676,4.636439305790336e-09,-0.018431780096128985,7.759434294870297e-74,-0.13374816810389706,5.124485548505108e-09,True,2.036851502403453e-73,True,False,True
smc_swing_choch_bearish,2674,0.43268511593118925,-0.0038692906172096246,-0.01138549638804176,0.09756623060451067,0.8883235977865115,-0.1990820453186385,-0.3483374248603818,-0.0039608896735009655,-0.9999999998601433,-0.9594512381214931,-0.1926716510328442,1.1616539355669766,-0.0038692906172096246,-0.007447708691258621,-0.00032824920177165073,0.04038869304311747,-0.0396580926949405,2.9381466261584205e-08,-0.1312178000365392,0.04038869304311747,True,5.876293252316841e-08,True,False,True
smc_swing_ob_bearish_formed,3925,0.43312101910828027,-0.005198471714786685,-0.011099287072867225,0.09484937131081032,0.8500186016607862,-0.2751322495482492,-0.4600939120507682,-0.005276536526540317,-1.0,-0.9747765373134986,-0.2153116486822369,1.110024291580556,-0.005198471714786685,-0.008071489153292685,-0.0022798262033080128,0.0006015907383822515,-0.05480765600176621,1.6668230453920094e-14,-0.1504665999485724,0.0006316702753013641,True,3.8892537725813554e-14,True,False,True
smc_swing_ob_bearish_mitigated,3872,0.43207644628099173,-0.004697869971398049,-0.009161906361718652,0.08394613866984736,0.8471561879234707,-0.2809315647297545,-0.4522112046275758,-0.004824183982339386,-0.999999999999987,-0.9379719830421374,-0.1866426437759306,1.1089492238806937,-0.004697869971398049,-0.00732078584818157,-0.0020822075775422904,0.000502600066828134,-0.05596290723834661,2.754613267764119e-16,-0.1566105960269491,0.0005412616104302981,True,6.805515132123117e-16,True,False,True
smc_swing_bos_bearish,1251,0.434052757793765,-0.008039583029671624,-0.010420662172779371,0.08873477082825895,0.7682415336644954,-0.45482042866464517,-0.6868704215207239,-0.008088648786569036,-0.9999997181842518,-0.919812644893948,-0.2615981138003028,1.0002702841635327,-0.008039583029671624,-0.013002738101277523,-0.0029697896408859593,0.0013868790318376162,-0.09060239807495277,5.765668765549456e-09,-0.19466671154317056,0.0014207053496873142,True,1.2107904407653858e-08,True,False,True
smc_internal_choch_bearish,26492,0.4361694096330968,-0.007725491596089506,-0.0075351462837246475,0.06500559549763452,0.7153605193380207,-0.5965895662635591,-0.8463805029212179,-0.007798368876853902,-1.0,-0.9976785454745687,-0.22174127944754088,0.9222609828280826,-0.0075337354348869465,-0.008434369887591898,-0.006627487479506883,8.637881370033366e-83,-0.11884348627143379,2.0164270662708077e-147,-0.2297109921115473,1.5116292397558392e-82,True,7.057494731947828e-147,True,False,True
smc_internal_ob_bearish_mitigated,42580,0.42761860028182247,-0.007845629257776533,-0.008483598272411963,0.06482992120406184,0.7093020350874945,-0.6075087793791643,-0.8729941143665757,-0.007923368770465657,-1.0,-0.9969765683338677,-0.22394733127994304,0.946696949511,-0.007347212052326178,-0.008260408807748273,-0.0064433922944266645,1.187659687693977e-136,-0.1210186455892989,7.670951551218751e-185,-0.23193324274073737,2.771205937952613e-136,True,3.2217996515118757e-184,True,False,True
ict_ob_bearish_mitigated,20243,0.4326433828977918,-0.006794801006781976,-0.006698197967586861,0.055585428053301376,0.7070144621734774,-0.6136433870952616,-0.8258851133810512,-0.006873821807197714,-1.0,-0.9933820938188941,-0.19151273731443752,0.9240109082025145,-0.006791037482761965,-0.007536861554024575,-0.006070495511416045,2.9183829034486467e-67,-0.1222406886975194,2.93696386661095e-132,-0.2320339050583535,4.37757435517297e-67,True,8.223498826510659e-132,True,False,True
ict_ob_bearish_formed,22591,0.4274711168164313,-0.008716967087438252,-0.009047658417842719,0.07073924397066297,0.7038250527174051,-0.6185933723886587,-0.8984015867843586,-0.008785391958347426,-1.0,-0.9977987874309016,-0.24841513377312086,0.9404741099995233,-0.008856738443651695,-0.00982575146561866,-0.007882730022917348,5.0803999921221277e-76,-0.12322674937059488,1.4137830790975925e-140,-0.23427512990072788,8.535071986765175e-76,True,4.567606870930684e-140,True,False,True
smc_internal_ob_bearish_formed,43178,0.4269998610403446,-0.008725720814548057,-0.008980784299886024,0.06872213286718402,0.6971920508777542,-0.6373895719160491,-0.923114788819052,-0.008794602807687735,-1.0,-0.9988185275293316,-0.24598810185578815,0.9333456744462074,-0.009085620043006849,-0.010007933239560004,-0.008147474210559849,3.40958916123178e-152,-0.12697104194091063,4.368253586192852e-199,-0.23823263723091948,1.0228767483695341e-151,True,2.2933331327512474e-198,True,False,True
ict_liquidity_sellside_pool_formed,52038,0.4252085014796879,-0.008230305596665965,-0.008994075504633381,0.06463499136795282,0.6981940844700558,-0.6392173236032286,-0.9328796732495909,-0.008297939550808594,-1.0,-0.9980301338275901,-0.23515920139746682,0.9414749807173614,-0.0084008807373273,-0.009281811785255594,-0.007448734236953127,4.919941555360077e-184,-0.12733513879212333,3.367249926134255e-209,-0.238379689379796,1.7219795443760272e-183,True,2.0203499556805532e-208,True,False,True
ict_liquidity_sellside_swept,33142,0.4207350190091123,-0.00881177091296139,-0.009640686796363651,0.0688823224293986,0.6944330869653262,-0.6421783899699597,-0.9545195886907284,-0.008862933161837446,-1.0,-0.9985569791778204,-0.24712863356087797,0.9543972804506249,-0.009208005465402748,-0.010209867081546217,-0.008291737642801247,5.227968561227935e-119,-0.12792499733139914,6.227548159430497e-179,-0.23924059729728672,1.0978733978578666e-118,True,2.377791115418917e-178,True,False,True
ict_fvg_bearish_formed,91312,0.4283226739092343,-0.008799683615238368,-0.008732574798070103,0.0687270129341997,0.691840536021199,-0.6427467057879228,-0.896999347578738,-0.008867127466495813,-1.0,-0.9990917725435695,-0.2485176353014833,0.921215807187543,-0.008286084258813912,-0.009231573204636537,-0.0073145183656118835,0.0,-0.1280382085521936,1.0819187634947174e-254,-0.2393545785267742,0.0,True,7.573431344463022e-254,True,False,True
ict_mss_bearish,36776,0.42889384381118123,-0.00852260868892653,-0.00850719360691643,0.06351264612006191,0.6857207987186648,-0.6736163376034626,-0.9453437225230144,-0.008595106200847167,-1.0,-0.9957819423129172,-0.23567396582961364,0.9106570449984068,-0.00868061346979458,-0.009569492202246503,-0.007823099865580887,9.529512913559264e-145,-0.134187586403119,9.595382663088325e-194,-0.24521385360782244,2.501497139809307e-144,True,4.477845242774552e-193,True,False,True
ict_displacement_bearish,191659,0.42677359268283777,-0.009023454926610535,-0.008437698792857606,0.06514845994694961,0.672541038044011,-0.6952947815934205,-0.9526283887030379,-0.009098654489778441,-1.0,-0.9994285647292587,-0.25061473140641355,0.9008736332696627,-0.009661647131205594,-0.010566795217953865,-0.008705268511973596,0.0,-0.13850603581356083,1.126229799423145e-302,-0.24987980909709573,0.0,True,2.3650825787886046e-301,True,False,True
ict_volume_imbalance_bearish,85075,0.4167381722009991,-0.00935202468986752,-0.010004512310796798,0.06746046950290528,0.6703609462381761,-0.6959155739200643,-0.9798213266458174,-0.009412759274795415,-1.0,-0.9989595141985784,-0.2598038574622967,0.9362250311102638,-0.009360886103913321,-0.01032451985438344,-0.008453921773733533,0.0,-0.13862970060510416,2.247778443879839e-270,-0.25034121146364163,0.0,True,1.8881338928590647e-269,True,False,True
smc_internal_bos_bearish,16686,0.4124415677813736,-0.010313763032899005,-0.011170207680114008,0.07421592951677601,0.6723179546946995,-0.6976221931563275,-1.0426662749120097,-0.010374879363874871,-1.0,-0.9970193361628309,-0.28294198279571053,0.955918510126073,-0.010313763032899005,-0.011443981721378229,-0.009187621259204158,2.1990176334973187e-71,-0.13896966729450783,1.6270416370543612e-132,-0.25123699251340387,3.552259254111053e-71,True,4.8811249111630837e-132,True,False,True
smc_fvg_bearish_formed,68062,0.4205430342922629,-0.01092393843891185,-0.010670847812136564,0.07749249980356784,0.6635665766502507,-0.7076521712932894,-0.9771890981630628,-0.010997377206349197,-1.0,-0.9992346258584281,-0.3013547221057153,0.9122504556191653,-0.011410932552080725,-0.01248458084964174,-0.010358940483552253,3.3444433450293037e-293,-0.14096768676455707,8.890297053052759e-280,-0.2535059263845464,1.7558327561403845e-292,True,1.2446415874273863e-278,True,False,True
ict_bos_bearish,42780,0.40208041140719963,-0.01200443929602003,-0.0122951747562412,0.07416040538581795,0.6235581080710741,-0.8125873461195112,-1.1703290028503908,-0.012069399517603097,-1.0,-0.9987036132824202,-0.3230165310142094,0.9253861882873269,-0.011609139745707809,-0.012640697969099628,-0.01061235235348954,1.2848244285207084e-242,-0.16187127394419148,1.1597243407366893e-270,-0.27610760732269063,5.995847333096639e-242,True,1.2177105577735238e-269,True,False,True
ict_fvg_bearish_filled,86287,0.39710501002468507,-0.014194024884380966,-0.012121198331954908,0.06399199725841993,0.5297555418927112,-1.11347422288767,-1.447363887874033,-0.014263229709702192,-1.0,-0.9993078833408082,-0.34084674225207534,0.8024486178566288,-0.014340564962809246,-0.01523270052882749,-0.013470653688871395,0.0,-0.22180937449195406,0.0,-0.3343878837303201,0.0,True,0.0,True,False,True
