combination,n_trades,win_rate,avg_return,median_return,std_return,skewness,kurtosis,profit_factor,sharpe,sortino,expectancy,max_drawdown,avg_drawdown,calmar,cagr_annualized,reward_risk_ratio,p_value,effect_size_cohens_d,p_value_vs_baseline,effect_size_vs_baseline,matched_null_mean,excess_return_vs_matched_random,p_value_vs_matched_random,p_value_vs_matched_random_srs,p_adjusted_vs_zero,significant_vs_zero,p_adjusted_vs_baseline,significant_vs_baseline,p_adj_vs_matched_random,reject_vs_matched_random,low_sample_warning,beats_matched_random,statistically_significant
ict_liquidity_buyside_pool_formed+ict_liquidity_buyside_swept,10188,0.5808794660384766,0.007763552379887523,0.008454771017185392,0.05675747209479815,0.2870662036571535,5.7029908266733145,1.465475336071875,0.6866536193831675,0.9990406146590071,0.007763552379887521,-0.7674319599183677,-0.21190317846350548,0.21823300066555748,0.16747897941963522,1.0529234756636725,3.2023151079702324e-42,0.13678467509829523,0.3150136238028575,0.004591146623806609,0.006912665732347312,0.000850886647540211,0.30828215991359076,0.07329190035737253,7.685556259128557e-42,True,1.0,False,0.9995462817276003,False,False,False,False
ict_displacement_bearish+ict_sweep_buyside_bearish,18205,0.4399340840428454,-0.006280573982326601,-0.006918343957411421,0.060164418615521485,-0.12888919773506605,5.293641376228852,0.7487083737086829,-0.5240345023475685,-0.7472722846531491,-0.006280573982326596,-1.0,-0.9936804177174203,-0.1862144143818304,-0.1862144143818304,0.9507259533796112,8.516010746031296e-41,-0.10439017158068757,1.0,-0.22149525434216197,-0.007049485057555431,0.0007689110752288298,0.3334618524342786,0.041511980603708254,1.965233249084145e-40,True,1.0,False,0.9995462817276003,False,False,False,False
smc_internal_choch_bullish+smc_internal_ob_bearish_mitigated,9810,0.5743119266055046,0.007675555132344215,0.008283127273564062,0.05957027570084399,0.4893967962010106,6.871519448226865,1.441119597864037,0.6468155554230433,0.9576763797540878,0.007675555132344216,-0.8727115707185535,-0.2377129024953442,0.18385623772450208,0.16045346601095398,1.063829678295444,3.511154482136705e-37,0.12884874280068956,0.3787695025863921,0.0030695274735730595,0.007161691041297642,0.0005138640910465732,0.3733153086580522,0.20154283109536186,6.383917240248554e-37,True,1.0,False,0.9995462817276003,False,False,False,False
ict_fvg_bullish_formed+ict_nwog_gap_up,9993,0.5689982988091664,0.007891498365801372,0.007477493474224772,0.06309336723640825,1.0287206988349236,16.0523444173827,1.4426212095854922,0.6278791119883352,0.9318982168152085,0.007891498365801372,-0.8094835814848901,-0.20227791967465403,0.19911236079366873,0.16117818693317057,1.088435629462146,7.392161850530457e-35,0.125076512975322,0.2643519405666919,0.006382412583692094,0.007519396400310523,0.0003721019654908493,0.4397847323432256,0.2766766802513886,1.2672277458052212e-34,True,1.0,False,0.9995462817276003,False,False,False,False
smc_internal_ob_bearish_formed+smc_internal_ob_bullish_mitigated,12588,0.43477915475055606,-0.006649950773202103,-0.00881779828453444,0.07234368069843147,0.5164331444797234,6.400616571324214,0.768393491388357,-0.46144303994293717,-0.7017018896449603,-0.006649950773202108,-1.0,-0.9929974759458691,-0.20937621909080173,-0.20937621909080173,0.9961176359218696,1.3108159963996742e-24,-0.09192165381967198,1.0,-0.2068565269306005,-0.007016969318267959,0.00036701854506585637,0.4629216039874612,0.24895108748040717,1.673382123063414e-24,True,1.0,False,0.9995462817276003,False,False,False,False
ict_bpr_bullish+smc_fvg_bullish_formed,15080,0.561737400530504,0.007342220094637176,0.00758433596350272,0.06682764549551291,0.14465955985834478,4.872614200281763,1.362476768359105,0.5515330082617342,0.792956809439302,0.0073422200946371766,-0.9232642957198841,-0.3190324176768551,0.14825898097770554,0.136882223656529,1.0600973179382438,4.269510511611749e-40,0.10986800507778122,0.6012104489590282,-0.0021910406497313542,0.007115931485487067,0.00022628860915010866,0.46236069324416773,0.32447001876978915,9.14895109631089e-40,True,1.0,False,0.9995462817276003,False,False,False,False
ict_ob_bearish_mitigated+smc_internal_ob_bearish_mitigated,11344,0.5672602256699577,0.007177317955809797,0.00682586581218958,0.05655844063438395,0.492280768000493,6.009235176181029,1.4346581601152182,0.637037545306793,0.9610829192172429,0.0071773179558097915,-0.8672408048641362,-0.23036254953087232,0.17421316726622466,0.15108476739789106,1.0902064340269488,5.165934872970264e-40,0.12690091656180566,0.7137102578366512,-0.005102079346998103,0.007139510102071494,3.780785373830309e-05,0.4890683903040626,0.47398979730580987,1.06881411164902e-39,True,1.0,False,0.9995462817276003,False,False,False,False
smc_internal_choch_bearish+smc_internal_ob_bullish_mitigated,10102,0.4396159176400713,-0.007054767592918389,-0.007825928212191635,0.0678452346906817,0.185680769281584,6.65262307882664,0.7449229813591183,-0.5219917420929946,-0.7561082474592864,-0.0070547675929183845,-1.0,-0.9890806143021612,-0.21189422944573985,-0.21189422944573985,0.9463759200243516,1.7381032090796877e-25,-0.10398324399764124,1.0,-0.220349921427909,-0.006987447566304855,-6.732002661353348e-05,0.508082037430701,0.5446855695752443,2.3174709454395836e-25,True,1.0,False,0.9995462817276003,False,False,False,False
smc_internal_ob_bearish_mitigated+smc_internal_ob_bullish_formed,12402,0.5683760683760684,0.006993207945559259,0.007583134793676338,0.05890439601369256,0.5054367594839804,6.423111781516441,1.3992373612899096,0.5959763217600782,0.8919148453446252,0.006993207945559257,-0.9250229039498936,-0.24630306174981123,0.1534358234535589,0.14193165098095425,1.0578147110673752,8.796639662141361e-40,0.11872132504225423,0.817142081098552,-0.008001507621523922,0.00714927631970654,-0.0001560683741472814,0.5434937563806795,0.6116780955607385,1.7025754184789728e-39,True,1.0,False,0.9995462817276003,False,False,False,False
ict_mss_bearish+smc_internal_choch_bearish,12838,0.4372955288985823,-0.007343885064912647,-0.007666552034191643,0.06557665960661858,0.05986082545440825,7.140338872366524,0.7285416964209188,-0.5621818900320633,-0.8017245340923361,-0.007343885064912646,-1.0,-0.9882499326280547,-0.21494354758125314,-0.21494354758125314,0.9350094269171215,6.544319004479284e-38,-0.11198931310266734,1.0,-0.2287414389961295,-0.007047504967988109,-0.0002963800969245376,0.5419604339432776,0.7109066081588042,1.2270598133398658e-37,True,1.0,False,0.9995462817276003,False,False,False,False
ict_mss_bullish+smc_internal_choch_bullish,12134,0.5670842261414208,0.006640316452025739,0.007702846493364168,0.0622754804458354,0.4488606159875177,7.674504542746703,1.3541077032574584,0.5352688376715408,0.7758903002291592,0.0066403164520257435,-0.8790172117215087,-0.26662148654975104,0.14322762810351755,0.1258995502970392,1.028814863047521,8.111713162612686e-32,0.10662810474503216,0.9275481838867501,-0.013379389941508984,0.007080600325355731,-0.00044028387332999217,0.5926788795933349,0.7872443360014438,1.2807968151493714e-31,True,1.0,False,0.9995462817276003,False,False,False,False
ict_ob_bearish_formed+smc_internal_ob_bearish_formed,16290,0.4357888275015347,-0.0075997034784576955,-0.007790936957694394,0.06997968277642554,0.2825345469233235,6.287159943276549,0.7337535350198957,-0.5451612120836451,-0.7944330707775126,-0.007599703478457693,-1.0,-0.9970364909109193,-0.22551591166380977,-0.22551591166380977,0.9477089959990738,5.927953466337171e-45,-0.1085987128969646,1.0,-0.22484204011119283,-0.007028665400044986,-0.0005710380784127098,0.5708563826954315,0.8825715633881586,1.6167145817283195e-44,True,1.0,False,0.9995462817276003,False,False,False,False
smc_internal_choch_bearish+smc_internal_ob_bearish_formed,26315,0.43636709101273036,-0.007668395934575993,-0.0074694778722737,0.06513615173813356,0.023411652541464902,6.294966054457042,0.7175747753913032,-0.5909934966888779,-0.8390693791214253,-0.0076683959345759944,-1.0,-0.9976034562980217,-0.2207725883995141,-0.2207725883995141,0.9242923019082787,1.286501746147939e-82,-0.11772872252885301,1.0,-0.2345516175827639,-0.007083410309922026,-0.0005849856246539671,0.5940727267925553,0.9411939898974524,1.2865017461479388e-81,True,1.0,False,0.9995462817276003,False,False,False,False
ict_displacement_bullish+ict_liquidity_buyside_swept,14460,0.5727524204702628,0.006279042480609964,0.007409981399610244,0.056093237300899705,0.5856806049956315,10.150638671704247,1.3690066525017417,0.5619312524525795,0.8288883669919213,0.006279042480609964,-0.8444073215013015,-0.25360654908035934,0.14937502369638422,0.12613336365865724,1.0164237993519933,7.540029624301461e-40,0.11193938490173844,0.9936663045374788,-0.020037678144028726,0.006895760130690631,-0.0006167176500806674,0.6751800422906031,0.8950828783022196,1.5080059248602922e-39,True,1.0,False,0.9995462817276003,False,False,False,False
smc_internal_choch_bullish+smc_internal_ob_bullish_formed,26396,0.5678890741021367,0.006395166219152226,0.007611368447442812,0.06042104619141264,0.3264691475312088,6.493044308796982,1.3482839618657367,0.5313294233590591,0.7646388176440233,0.006395166219152228,-0.8738818958391211,-0.25255069392443624,0.1396069249780011,0.12199996427204556,1.0220514115197044,6.4117205029909034e-68,0.10584335462998223,0.9972006492036037,-0.017510738806895746,0.007081836088415627,-0.0006866698692634008,0.6652689372643187,0.9671142148794577,3.8470323017945424e-67,True,1.0,False,0.9995462817276003,False,False,False,False
ict_bpr_bearish+ict_fvg_bearish_formed,26182,0.4397295852112138,-0.007852787976803088,-0.007514065222767097,0.06498802238435142,-0.31090893418915383,6.544892396773436,0.7136008661310106,-0.6065838186164505,-0.8349819930568393,-0.00785278797680309,-1.0,-0.9974163072234536,-0.22592265454369187,-0.22592265454369187,0.9075431149040439,1.5581700564054399e-80,-0.12083438899494771,1.0,-0.2376801404795149,-0.007162517339279588,-0.0006902706375234999,0.6290848679674815,0.9658887329866197,1.3355743340618055e-79,True,1.0,False,0.9995462817276003,False,False,False,False
ict_mss_bullish+smc_internal_ob_bullish_formed,16681,0.5655536238834602,0.006401813661807788,0.007386122117733596,0.06043864891621756,0.44128242553411007,7.5146191541419505,1.3497153422188202,0.5317268023889025,0.7774633863289057,0.006401813661807788,-0.8845080570412562,-0.2775068692965888,0.13829702221190146,0.12232483041124041,1.0319585290888649,2.225721967517523e-42,0.10592251442751864,0.9872191443023691,-0.01740161039973678,0.007126864396507228,-0.0007250507346994398,0.6754537361420668,0.9384063156193526,5.5643049187938074e-42,True,1.0,False,0.9995462817276003,False,False,False,False
ict_displacement_bearish+ict_fvg_bearish_formed,11819,0.429816397326339,-0.007847485054590536,-0.008765854821991104,0.07694708439755357,0.5939905584936508,10.75466909067634,0.737978810182108,-0.511963028000699,-0.7500143460645555,-0.007847485054590545,-1.0,-0.9936336028936811,-0.24265267869879278,-0.24265267869879278,0.9759333950400396,2.9226749724833847e-25,-0.1019854763313168,1.0,-0.2165546970546761,-0.00703023606644881,-0.0008172489881417269,0.5723798298419231,0.9252106352802989,3.8121847467174583e-25,True,1.0,False,0.9995462817276003,False,False,False,False
ict_displacement_bullish+smc_internal_ob_bearish_mitigated,11829,0.567334516865331,0.006301258415820581,0.006974924600092525,0.0583465147021501,0.555108685445221,7.982223529655071,1.3633586372137463,0.5421414862866766,0.7968847015216932,0.006301258415820583,-0.8325609306585919,-0.2526023033157182,0.14792278903610162,0.12315473490551132,1.0368920405809805,8.60877770103338e-31,0.10799716911948429,0.9840823469223359,-0.019328132121167012,0.007175288889167866,-0.0008740304733472854,0.7357222252847119,0.9380326230932237,1.291316655155007e-30,True,1.0,False,0.9995462817276003,False,False,False,False
ict_displacement_bearish+smc_internal_choch_bearish,12109,0.4348831447683541,-0.007971453722405394,-0.0076706045621675045,0.06572855325334387,0.018026973232271738,5.809371835744649,0.7103116614298518,-0.608812732317082,-0.8595854839625813,-0.007971453722405396,-1.0,-0.9959047688679435,-0.22748596680927768,-0.22748596680927768,0.9208692959706793,2.077266820845235e-40,-0.12127839923206973,1.0,-0.23813916589276424,-0.007070175884787346,-0.0009012778376180476,0.6386823841920919,0.9485669125040394,4.616148490767188e-40,True,1.0,False,0.9995462817276003,False,False,False,False
ict_displacement_bullish+ict_sweep_sellside_bullish,13551,0.5600324699284186,0.0061074708049167845,0.007673373569591746,0.06696835991505641,-0.2627726880572393,5.690731050260137,1.2956261292238955,0.4578170968062416,0.6115386334907212,0.006107470804916793,-0.9660570911994855,-0.37461991322309274,0.10396647361168673,0.10043754907957415,1.0152969548681654,1.7505154600152965e-24,0.09119934865753894,0.9902920798889068,-0.02102869832457047,0.007086628332393486,-0.0009791575274767017,0.6465022477937402,0.9683295820590294,2.1881443250191206e-24,True,1.0,False,0.9995462817276003,False,False,False,False
ict_mss_bearish+smc_internal_ob_bearish_formed,15827,0.43349971567574397,-0.008073416212575712,-0.008130889749249803,0.06647648018342257,0.10844347610849264,6.62150390941677,0.7095062030609249,-0.6096626599961293,-0.8713130978026317,-0.008073416212575714,-1.0,-0.9929194699447252,-0.23045751701705805,-0.23045751701705805,0.924912327674816,3.9999396508870876e-54,-0.12144770887838016,1.0,-0.2383158092157851,-0.007050410405784814,-0.0010230058067908984,0.6421409928366135,0.9829890355782177,1.4999773690826579e-53,True,1.0,False,0.9995462817276003,False,False,False,False
ict_bpr_bullish+ict_fvg_bullish_formed,26830,0.5595974655236675,0.006190668484569056,0.006838487267088911,0.06268456260445295,0.1375848487604635,5.075353477875932,1.3210031056207234,0.4957665469802871,0.7056489530219877,0.006190668484569058,-0.9435191279189356,-0.31999415113325297,0.11868417817681721,0.11198079229116614,1.0361084702137762,1.8708979102741272e-55,0.09875906008362714,0.999328464929191,-0.02043073927759324,0.0072374171347075935,-0.0010467486501385377,0.7135917484107772,0.9972843311401228,7.483591641096509e-55,True,1.0,False,0.9995462817276003,False,False,False,False
ict_displacement_bullish+ict_mss_bullish,16001,0.5641522404849697,0.006089748828450091,0.007583499178968278,0.06185555058434274,0.449154858835083,8.59824112934305,1.323036388069838,0.49422074833361185,0.7108576064344154,0.006089748828450092,-0.8303375863511911,-0.2844129832594293,0.133765443517641,0.11107047550763462,1.0180359755769464,3.621837155069616e-36,0.0984511296224977,0.9971102941690975,-0.022165787976627282,0.007158377737949237,-0.0010686289094991456,0.733564061002963,0.9863615428128916,6.391477332475794e-36,True,1.0,False,0.9995462817276003,False,False,False,False
ict_ob_bullish_formed+smc_internal_choch_bullish,10779,0.5703683087484924,0.006006608509861458,0.007708049198363653,0.05920122942804035,0.25376137514830827,6.162312890322454,1.3343957297029345,0.5093295477603911,0.718600983771849,0.006006608509861448,-0.9174798441168374,-0.2609268542892573,0.12316831743062878,0.11300444867638644,1.0003627062785987,2.9314548228430764e-26,0.10146087451042798,0.9942905147678874,-0.023976648539638504,0.007145129114842593,-0.0011385206049811351,0.7634359284268978,0.9738483335371427,3.9974383947860134e-26,True,1.0,False,0.9995462817276003,False,False,False,False
ict_volume_imbalance_bullish+smc_fvg_bullish_formed,10258,0.5517644765061416,0.005925647877863746,0.005985514715796003,0.06493759539024878,0.3394251070001313,6.433026373525809,1.302813516473024,0.4580784996054419,0.6580361327206241,0.005925647877863743,-0.8725253001446572,-0.3139822727414857,0.11562862059140593,0.10088889688682914,1.0546804827702112,8.400372664358756e-20,0.09125142134156632,0.9914612397447315,-0.024183010738752612,0.007066161685931616,-0.0011405138080678697,0.7191576993027854,0.9724779885733009,9.509855846443875e-20,True,1.0,False,0.9995462817276003,False,False,False,False
ict_displacement_bearish+ict_mss_bearish,16671,0.4340471477415872,-0.008243540924724034,-0.008074262078227923,0.06393711095651748,-0.06617427860081335,5.893667761808425,0.6960733591301705,-0.6472336080532234,-0.9052805609893847,-0.00824354092472403,-1.0,-0.9919324189460091,-0.23063640086810783,-0.23063640086810783,0.9054917813007594,3.0552807782550894e-63,-0.12893202087798936,1.0,-0.24574202248862206,-0.007090905920558487,-0.0011526350041655472,0.697782239712714,0.9927449194112025,1.5276403891275445e-62,True,1.0,False,0.9995462817276003,False,False,False,False
ict_fvg_bullish_formed+smc_fvg_bullish_formed,54640,0.5546120058565154,0.005956083685847479,0.0063178344129266595,0.06436600807921526,0.4287071514198025,7.605371201472629,1.3031854900487256,0.464520073561885,0.6765734667511292,0.005956083685847477,-0.9882885168043203,-0.38655129085273526,0.10416387636378142,0.10294396287615014,1.0429268249954362,4.314894360213892e-90,0.092534613588547,0.9999997554301614,-0.023817188474612075,0.007167020633253634,-0.0012109369474061554,0.7526315461412052,0.9999986061271038,5.1778732322566705e-89,True,1.0,False,0.9995462817276003,False,False,False,False
ict_displacement_bullish+smc_internal_choch_bullish,11679,0.5665724805205925,0.005870990097694982,0.00752215376641252,0.05978204641372474,0.1351256017482044,5.419542540274243,1.3174553181771884,0.49299309999442353,0.697729385413538,0.00587099009769498,-0.837749997951678,-0.260529553942988,0.12897832206821216,0.1080515890484556,1.0052640020366668,3.636596822011662e-27,0.09820657621963108,0.9977600646276906,-0.026057097736078467,0.007134854205503288,-0.0012638641078083065,0.7631672908113383,0.9871826485081769,5.074321146993016e-27,True,1.0,False,0.9995462817276003,False,False,False,False
ict_ob_bullish_mitigated+smc_internal_ob_bullish_mitigated,12299,0.4223920643954793,-0.008465849261347904,-0.011317190753567852,0.09294944259708911,0.6933487716362473,6.962597454490016,0.7626312086658658,-0.4572187290031995,-0.6950587509282649,-0.008465849261347906,-1.0,-0.9939216094878652,-0.27746449159853737,-0.27746449159853737,1.0408191086508158,2.2162716355819464e-20,-0.09108015093802219,1.0,-0.19982028414411387,-0.006983341973420719,-0.0014825072879271857,0.5703685172841524,0.9963336498286753,2.6073783948022898e-20,True,1.0,False,0.9995462817276003,False,False,False,False
ict_displacement_bearish+ict_ob_bearish_formed,10425,0.4294484412470024,-0.008570043618431906,-0.008873294043997948,0.07257089198974037,0.41471665798297735,6.349636549224732,0.7132781876497806,-0.5928172625087015,-0.870666502337332,-0.008570043618431913,-1.0,-0.9956487028228834,-0.24773116103926368,-0.24773116103926368,0.9458862184669973,2.508415468328663e-34,-0.11809202537628291,1.0,-0.23454154691396523,-0.00701180184808184,-0.001558241770350066,0.6634685217729515,0.9952762545686015,4.1806924472144385e-34,True,1.0,False,0.9995462817276003,False,False,False,False
ict_displacement_bullish+ict_ob_bullish_formed,14204,0.5646296817797803,0.005641672885509849,0.006482791027410562,0.056972382285621355,0.6770256680662043,10.680517914068956,1.3307268173574405,0.4971000330395363,0.7233931531586559,0.005641672885509846,-0.8624977824343794,-0.28994835410533093,0.12400633858988352,0.10695519204158134,1.0222703144313205,6.065208850406912e-32,0.09902469686498769,0.9999017910566922,-0.03041442304410642,0.007233726439135237,-0.0015920535536253881,0.9054412971644779,0.9990729692967469,9.835473811470667e-32,True,1.0,False,0.9995462817276003,False,False,False,False
ict_displacement_bearish+smc_internal_ob_bullish_mitigated,12232,0.4260137344669719,-0.008606305802111,-0.010163716844445947,0.0825653439283078,0.7982904187434566,9.152840959378752,0.7330448018666733,-0.5232620635849486,-0.786095128000745,-0.008606305802111,-1.0,-0.9956465243086103,-0.2627429714438584,-0.2627429714438584,0.9854114060786886,8.096703067762752e-28,-0.10423629809601387,1.0,-0.21774882447709515,-0.0069612664152760104,-0.0016450393868349903,0.6248888356402219,0.9985892717121977,1.1848833757701588e-27,True,1.0,False,0.9995462817276003,False,False,False,False
ict_ob_bullish_formed+smc_internal_ob_bullish_formed,23334,0.5629553441330247,0.005401226510300428,0.006384997803318693,0.05644247154975927,0.5178254737795399,8.665114745322775,1.3143053795134967,0.48038190299026146,0.6958401604757873,0.0054012265103004255,-0.9099597031923415,-0.2649269453386901,0.11092808928870573,0.10094009120484423,1.0153449293013828,1.7499957300694287e-48,0.09569436564340997,0.9999999495669442,-0.0345217024564941,0.007203613593385282,-0.001802387083084854,0.9338827693516946,0.9999972850855086,5.526302305482407e-48,True,1.0,False,0.9995462817276003,False,False,False,False
ict_displacement_bearish+smc_internal_ob_bearish_formed,19688,0.4276716781796018,-0.009085798054966288,-0.008894333820720801,0.06944009979267184,0.18875389178726554,5.584171730640936,0.6899008203964838,-0.6568300504562559,-0.9406901824834447,-0.009085798054966288,-1.0,-0.9971142630830974,-0.25372643471724504,-0.25372643471724504,0.9213699198763017,2.545509373087132e-75,-0.13084367796264504,1.0,-0.2480301956245658,-0.007056763390809061,-0.0020290346641572265,0.7689680728473877,0.9999983062364478,1.909132029815349e-74,True,1.0,False,0.9995462817276003,False,False,False,False
ict_displacement_bullish+smc_internal_ob_bullish_formed,25414,0.5560714566774219,0.005056386416171639,0.005723027800780822,0.05717729789874546,0.5632433270128447,8.143769576879993,1.2875100264936559,0.44393245731329234,0.6541441912085308,0.005056386416171638,-0.9602419848356344,-0.3110800636543809,0.09414243230218691,0.0903995160511063,1.0241225734372479,3.919167258848658e-45,0.08843346226549441,0.9999999999066973,-0.04000445069515924,0.007224327631133161,-0.002167941214961522,0.9573619380652153,0.9999999929185193,1.1197620739567594e-44,True,1.0,False,0.9995462817276003,False,False,False,False
ict_displacement_bullish+ict_nwog_gap_up,15139,0.5624545874892661,0.0052261482388993195,0.006717383142709421,0.06639192923927541,-0.02649313144513923,7.499699589597469,1.2579478092728456,0.39515429429412113,0.5191223313321283,0.005226148238899313,-0.9864646465265788,-0.4545618157163708,0.07901347901112012,0.07794400364353986,0.9748910855421619,2.154935846413407e-21,0.07871661960694602,0.9999766733693773,-0.034631398095711585,0.0074736879335884085,-0.002247539694689089,0.7663586041758695,0.9999948104244107,2.5859230156960883e-21,True,1.0,False,0.9995462817276003,False,False,False,False
ict_bpr_bearish+smc_fvg_bearish_formed,15972,0.43413473578762835,-0.009342790820389637,-0.008419104267534672,0.06803758524343409,-0.3594749863262282,6.806555019442751,0.680934838554951,-0.6893313089571056,-0.9375472068697138,-0.009342790820389631,-1.0,-0.9963806092830079,-0.2596707210910082,-0.2596707210910082,0.8859812681630759,2.1739612414291903e-65,-0.13731808362924308,1.0,-0.2546414660907147,-0.007001123940858763,-0.0023416668795308735,0.8102286539574766,0.9999995960834114,1.1857970407795583e-64,True,1.0,False,0.9995462817276003,False,False,False,False
ict_ob_bullish_formed+smc_internal_bos_bullish,12555,0.5565909996017523,0.004881480387379814,0.005362874500732362,0.05395851915015012,0.8080283428360558,11.581634625222314,1.295547099324617,0.4541421345236531,0.677702479530233,0.004881480387379816,-0.8950262090247603,-0.28374683187912114,0.10132296995116308,0.09068671368251918,1.0269083261532703,1.2659511189643964e-23,0.09046727864780983,0.9999999111826211,-0.043964219416421084,0.007253824998738662,-0.0023723446113588483,0.9815687725979417,0.9999943039402115,1.5501442273033424e-23,True,1.0,False,0.9995462817276003,False,False,False,False
ict_fvg_bullish_formed+ict_volume_imbalance_bullish,19912,0.5551426275612696,0.004794590911053535,0.005850671208456282,0.0570852723596934,0.6136355438726985,11.537996657499558,1.2732292801850962,0.4216263557702994,0.609435456462618,0.004794590911053536,-0.9316183075801308,-0.3450073844075239,0.0894510465712966,0.0833342326180228,1.016602282152493,3.407170152477342e-31,0.08398998047767721,0.999999999881682,-0.04434723518065071,0.007195831429416754,-0.0024012405183632185,0.9636649114474383,0.9999999900130216,5.241800234580526e-31,True,1.0,False,0.9995462817276003,False,False,False,False
ict_bos_bullish+ict_displacement_bullish,33987,0.5567128607997175,0.004836649851757365,0.005401913546781101,0.05534646971951477,0.8991456238749964,12.299863030589027,1.28955609017366,0.4386872312342483,0.6484099325273666,0.004836649851757361,-0.8669518996768344,-0.3117052358251291,0.10097103184913842,0.0875370278739407,1.022798385140115,1.980356527697643e-53,0.08738858822014436,0.9999999999999998,-0.0442453380933743,0.00727917471523123,-0.002442524863473865,0.982995498831398,0.9999999999999494,6.989493627168152e-53,True,1.0,False,0.9995462817276003,False,False,False,False
ict_bos_bullish+ict_ob_bullish_formed,12256,0.5527904699738904,0.004255304151143566,0.005385194194522547,0.05565177438693201,0.5647648878474324,10.136940268453532,1.2447254962317094,0.38384144152381355,0.5506625574735032,0.004255304151143568,-0.8914837725047724,-0.3382422069522987,0.07948452336434164,0.070859162744587,1.0022107132020628,2.776153935211881e-17,0.07646304539290277,0.9999999997518599,-0.05382824446417746,0.007173633970837903,-0.0029183298196943366,0.9919122656715584,0.9999999515412848,2.922267300223033e-17,True,1.0,False,0.9995462817276003,False,False,False,False
ict_displacement_bullish+smc_internal_bos_bullish,13735,0.5471423370950127,0.004363721225308072,0.004476545204397775,0.05485794521286317,1.0243474614954933,11.28343055800684,1.2595057550362112,0.3993169378094913,0.6158225436445672,0.004363721225308075,-0.8929415312946829,-0.31810869736982544,0.08467652713182101,0.07561118780180402,1.0377724065448064,3.255496937647248e-20,0.0795458380436178,0.9999999999344888,-0.05234137650276559,0.007300407728543532,-0.0029366865032354602,0.9943837888011018,0.9999999911889544,3.7563426203622086e-20,True,1.0,False,0.9995462817276003,False,False,False,False
ict_bos_bearish+smc_internal_ob_bearish_formed,14355,0.4103099965168931,-0.009978890866658003,-0.011518452733452644,0.07374203710735369,0.4848163399196627,6.02496002242972,0.6803521302765685,-0.6793090691371332,-1.0328267738301244,-0.009978890866658003,-1.0,-0.996880598720296,-0.27604323740221276,-0.27604323740221276,0.9762879804919452,1.1304654554027534e-59,-0.1353216056688362,1.0,-0.2528212913632239,-0.007035582088579655,-0.002943308778078348,0.7975505919258188,0.9999999933694246,4.8448519517260865e-59,True,1.0,False,0.9995462817276003,False,False,False,False
ict_displacement_bearish+ict_liquidity_sellside_swept,11842,0.42104374261104544,-0.009822481906678799,-0.010014395517214059,0.06995457969656588,0.5965269546503054,7.2322431321422265,0.6710814056633327,-0.7048640424960592,-1.0560478427861373,-0.009822481906678802,-1.0,-0.9961604092475249,-0.26751812129106384,-0.26751812129106384,0.9218284290790545,7.976630059109376e-51,-0.14041227821373062,1.0,-0.25802211327929814,-0.006820114760753207,-0.0030023671459255916,0.8592043174203089,0.9999999682041891,2.658876686369792e-50,True,1.0,False,0.9995462817276003,False,False,False,False
smc_internal_bos_bullish+smc_internal_ob_bullish_formed,31944,0.5498059103431004,0.004209534003670597,0.0047277978341480065,0.054416565862860186,0.7059044075938395,9.316018320489977,1.2482402822747551,0.3883319840597546,0.5790536977888822,0.004209534003670599,-0.8513365098747911,-0.32220106320948777,0.08421045753277895,0.07169143701091535,1.0172557740817953,1.0960683956562929e-42,0.07735758287796773,1.0,-0.05511354248192316,0.00725956806702885,-0.0030500340633582528,0.9975581113916033,1.0,2.8593088582338072e-42,True,1.0,False,0.9995462817276003,False,False,False,False
ict_fvg_bearish_formed+smc_fvg_bearish_formed,53058,0.4229145463455087,-0.010045476938537912,-0.010208982178753434,0.07468439080149912,0.1554401654678988,8.270297232909801,0.6778063738099828,-0.6752133005368937,-0.9499842370605763,-0.010045476938537908,-1.0,-0.9988259346040366,-0.2803750060241649,-0.2803750060241649,0.9226612455112048,7.450922730210736e-173,-0.1345057090341329,1.0,-0.2519456988808448,-0.006974745620203454,-0.003070731318334458,0.8278825462183862,1.0,4.470553638126441e-171,True,1.0,False,0.9995462817276003,False,False,False,False
ict_fvg_bearish_formed+ict_volume_imbalance_bearish,13215,0.418161180476731,-0.010246071779853894,-0.009851460846887816,0.07000612549597732,-0.04071722546068593,10.6757972052909,0.6536947446032393,-0.7347195943042321,-1.0078071393190096,-0.010246071779853892,-1.0,-0.9924325860022299,-0.2794201920046765,-0.2794201920046765,0.9071996012237137,1.2270767324041762e-61,-0.14635964649182953,1.0,-0.26423091487995337,-0.007125175290653034,-0.00312089648920086,0.8682104428594499,0.9999999964087622,5.663431072634659e-61,True,1.0,False,0.9995462817276003,False,False,False,False
ict_displacement_bullish+ict_fvg_bullish_formed,15189,0.5520442425439462,0.00420393852985406,0.005498156884075289,0.059031564281262466,0.5339319574712774,8.793071608368153,1.2268053469854356,0.3574969457197754,0.5126743123700813,0.004203938529854061,-0.9910349171979999,-0.3973631820068598,0.06489419098487911,0.06431240918933086,0.9918322536928167,4.3315015947125734e-17,0.0712150962123234,0.9999999999810222,-0.05326966728147821,0.007346885963831224,-0.003142947433977164,0.9682327984097561,0.9999999998086422,4.480863718668179e-17,True,1.0,False,0.9995462817276003,False,False,False,False
ict_nwog_gap_up+ict_volume_imbalance_bullish,22010,0.5515674693321218,0.003976412507193955,0.005405685108768488,0.06538442586040655,-0.2216068579547578,13.186749841523792,1.1976071145895064,0.3052933798836576,0.38630359741579845,0.003976412507193959,-0.9828361152994235,-0.5020257665040732,0.04576153649779342,0.04497609076162407,0.9699236532655706,2.72879355808939e-19,0.06081589697955681,0.999999999999989,-0.054210365586731535,0.007134014209107503,-0.0031576017019135484,0.8828995516909246,0.9999999999999953,2.97686569973388e-19,True,1.0,False,0.9995462817276003,False,False,False,False
smc_internal_bos_bearish+smc_internal_ob_bearish_formed,16549,0.41223034624448607,-0.010346679410685289,-0.011213618534588798,0.07424785543671818,0.4301778801165936,5.699288151634331,0.671670185364281,-0.699547725872969,-1.0461085031117574,-0.010346679410685292,-1.0,-0.9970503281716366,-0.2835923483258392,-0.2835923483258392,0.955815619981888,1.3711420753608357e-72,-0.13935324259303106,1.0,-0.25713902870442606,-0.007049589381407382,-0.0032970900292779073,0.827458861687547,0.999999999994352,9.140947169072239e-72,True,1.0,False,0.9995462817276003,False,False,False,False
ict_volume_imbalance_bullish+smc_internal_ob_bullish_formed,10082,0.5545526681214045,0.003683491808345251,0.005492578932379866,0.05541376728431165,0.40081985059937747,8.613502203656202,1.2077818753843454,0.3336893164071911,0.4742067617957152,0.003683491808345249,-0.9441331497247429,-0.41206439843478343,0.05901513493920753,0.05571814523158473,0.967348817379914,3.148313991379024e-11,0.06647250293318525,0.9999999999897258,-0.06347307727838174,0.007028450852185752,-0.003344959043840501,0.9957740414644252,0.9999999925376655,3.148313991379024e-11,True,1.0,False,0.9995462817276003,False,False,False,False
ict_bos_bullish+ict_volume_imbalance_bullish,15190,0.5483870967741935,0.003849207890418167,0.004707926220794634,0.05378954569520657,0.8096501746718079,11.181093997276923,1.229509520461006,0.35923096216290534,0.5281064219801875,0.0038492078904181666,-0.907477117514805,-0.3752110589179392,0.06941832374779296,0.06299554033735669,1.007666446120923,1.2826376297731922e-17,0.07156052055597092,0.9999999999999993,-0.06147101983083054,0.007197726362071387,-0.0033485184716532204,0.9979123377002019,0.9999999999983019,1.3742546033284201e-17,True,1.0,False,0.9995462817276003,False,False,False,False
ict_displacement_bullish+ict_volume_imbalance_bullish,11927,0.5459042508593946,0.003817816327519805,0.0051982975176685375,0.059602429384562255,0.5134508437958969,15.415277517364188,1.2048431408228444,0.3215520920406261,0.44301117621182085,0.0038178163275198046,-0.9610858813003558,-0.48364215561177054,0.05484306559489616,0.052708896030484,0.9981452774686567,6.749572948004323e-12,0.06405470996638042,0.9999999999682699,-0.059273456557827196,0.007169226636242781,-0.0033514103087229755,0.9833344926838689,0.9999999992618052,6.863972489495923e-12,True,1.0,False,0.9995462817276003,False,False,False,False
ict_bos_bullish+smc_internal_ob_bullish_formed,26431,0.547728046611933,0.0036804946147107735,0.004492408905755418,0.054813742076450046,0.6116270304650678,8.492525184306443,1.2122741880294947,0.3370675971409833,0.4940349034033515,0.0036804946147107713,-0.9132487298479857,-0.3773427043215077,0.062236597047020135,0.056837493203252036,0.9960628214831,2.042813083117627e-27,0.06714547256375052,1.0,-0.06381786794065258,0.007209692765957893,-0.0035291981512471193,0.9990667600648862,1.0,2.9183044044537533e-27,True,1.0,False,0.9995462817276003,False,False,False,False
ict_bos_bullish+smc_internal_bos_bullish,20828,0.5436911849433455,0.0034359280122464087,0.00395146470915797,0.054308683116281065,0.7760353547574569,9.624203425431306,1.2001863564264053,0.31759602225009065,0.47334825522659846,0.0034359280122464066,-0.8794089885721166,-0.33765273784298006,0.058291603958145186,0.05126216047907885,1.0022043612123002,1.2830502114412825e-19,0.06326664200068516,1.0,-0.06818435280477692,0.007245030276861703,-0.0038091022646152945,0.9995462817276003,1.0,1.4256113460458694e-19,True,1.0,False,0.9995462817276003,False,False,False,False
ict_bos_bearish+smc_internal_bos_bearish,9867,0.40275666362622886,-0.010930052418089656,-0.01312981123073964,0.07652561788006838,0.5695532986220653,6.054752155102221,0.6641623804280061,-0.7169942458068962,-1.1045977342164557,-0.010930052418089652,-1.0,-0.9950426551942966,-0.29718843048734556,-0.29718843048734556,0.9832076708751787,3.4445321324278163e-46,-0.1428286725527565,1.0,-0.26093376104166227,-0.007029604364628645,-0.0039004480534610107,0.8201542088788548,0.9999999996853074,1.033359639728345e-45,True,1.0,False,0.9995462817276003,False,False,False,False
ict_nwog_gap_down+ict_volume_imbalance_bearish,17515,0.4110762203825293,-0.011895525243838436,-0.011214522929384074,0.07202500856214639,-0.07163375425070616,5.294984257396369,0.6195425814299864,-0.8290878958432191,-1.1321652843252863,-0.011895525243838433,-1.0,-0.9954446369824799,-0.30957418838136247,-0.30957418838136247,0.8861179866063889,9.772008136283514e-108,-0.1651582621274449,1.0,-0.28431992572978965,-0.0071284395190324,-0.004767085724806036,0.906229578023594,1.0,1.9544016272567027e-106,True,1.0,False,0.9995462817276003,False,False,False,False
ict_bos_bearish+ict_displacement_bearish,18938,0.401731967472806,-0.012922540050116674,-0.012564739844808548,0.07433597448346921,0.32493454361114,11.697489306902007,0.6034176937286562,-0.8726681348844834,-1.2482912330184386,-0.012922540050116667,-1.0,-0.997488167468992,-0.340009522364367,-0.340009522364367,0.8972744964711209,3.1321277260473005e-120,-0.17383965354473668,1.0,-0.2940823728431191,-0.0070452327705934755,-0.005877307279523199,0.9773644946592086,1.0,9.396383178141902e-119,True,1.0,False,0.9995462817276003,False,False,False,False
ict_displacement_bearish+ict_nwog_gap_down,12095,0.3953699875981811,-0.014565089616722145,-0.01321125686642044,0.07362092176850663,0.44702605841464244,9.360487844016957,0.561329797903401,-0.9931439030482919,-1.400877212326142,-0.014565089616722138,-1.0,-0.9963583282069232,-0.356642011577172,-0.356642011577172,0.8567850679416402,2.5477567344662667e-103,-0.19783900101822363,1.0,-0.3195111754075831,-0.007057745959691239,-0.007507343657030907,0.9785730693119641,1.0,3.8216351016994e-102,True,1.0,False,0.9995462817276003,False,False,False,False
