signal,direction,n_trades,n_tickers,n_entry_dates,win_rate,avg_return,median_return,std_return,skewness,kurtosis,profit_factor,expectancy,sharpe,sortino,max_drawdown,calmar,reward_risk_ratio,avg_mfe,avg_mae,median_mfe,median_mae,mean_return,ci_lower,ci_upper,ci_method,hac_ci_lower,hac_ci_upper,hac_se,effect_size_cohens_d,cohens_d_ci_lower,cohens_d_ci_upper,p_value_vs_zero,p_adj_vs_zero,reject_vs_zero,matched_null_mean,excess_return_vs_matched_random,p_value_vs_matched_random,p_adj_vs_matched_random,reject_vs_matched_random,p_value_vs_baseline_welch,p_adj_vs_baseline_welch,beats_matched_random,significance_label,low_sample_warning,statistically_significant
smc_swing_choch_bearish,-1,2653,492,1074,0.4327176781002638,-0.0036830114404279,-0.0113944203566098,0.0976920289258381,1.202769659965989,6.497611315435233,0.89361332827171,-0.0036830114404279,-0.1892536259112595,-0.332993194067239,-0.999999999730222,-0.1889929176908929,1.1683916426270355,0.0685699162780855,-0.0628431746893945,0.0397375052236202,-0.0495280689518853,-0.0036830114404279,-0.007337406828928,-5.032279560325773e-05,percentile_bootstrap_full,-0.0245915964408239,0.017225573559968,0.0106678413483084,-0.037700224684901,-0.0768778116354144,-0.000502105339022,0.7299107156816407,0.7490628918948615,False,-0.00693709603532,0.0032540845948921,0.0032342223143525,0.0334837133721205,True,0.9999999976246802,1.0,True,significant_but_negligible_effect,False,True
smc_swing_ob_bearish_formed,-1,3898,493,1404,0.4340687532067727,-0.0049298785316403,-0.0110619449736294,0.0949930739266659,1.0817572372836073,6.523256812867452,0.8574710077285748,-0.0049298785316403,-0.2605220864592403,-0.4379973747434125,-1.0,-0.2101077673956773,1.1154218014247002,0.0651312142717726,-0.0632222042344697,0.0389593609023742,-0.0492921701049456,-0.0049298785316403,-0.0078346867109978,-0.0019588254427374,percentile_bootstrap_full,-0.021356941958997,0.0114971848957163,0.0083813087522815,-0.0518972418499287,-0.0844637341605148,-0.02017105467595,0.5563986400591839,0.5777354610644034,False,-0.0068655192892749,0.0019356407576345,0.0271837496585287,0.2035889336128107,False,0.9999999999999996,1.0,False,not_significant,False,False
ict_sweep_sellside_bullish,1,49304,496,3919,0.5713126723998053,0.0082161347593187,0.0086263406640452,0.0645726675960576,-0.0888967881455966,5.057693132505728,1.430811939083666,0.0082161347593187,0.6387326200064395,0.8885175686229371,-0.977364704108919,0.1696045602124905,1.0701120108163729,0.0481248762801445,-0.0421664708498894,0.0368662767140955,-0.02949630472027,0.0080533378970808,0.007137209398888,0.0089612901778964,percentile_bootstrap_subsample_20000,0.0041215623735334,0.0119851134206281,0.0020060447658974,0.1250551317759238,0.1104537029131403,0.1394277772385213,4.2091532556601e-05,9.497576576874071e-05,True,0.0070236973473252,0.0011924374119934,5.432215990665423e-06,9.105428708162997e-05,True,0.0108275056206195,0.3176068315381739,True,significant_small_effect,False,True
ict_sweep_buyside_bearish,-1,65448,496,4002,0.4374006845128957,-0.0059243719650955,-0.0070083849200612,0.0598007936959238,-0.1295249340908617,6.739210841442475,0.7575630903599136,-0.0059243719650955,-0.4973196741218968,-0.7085879283675619,-1.0,-0.1785171652381878,0.971782995221181,0.0394736066400471,-0.0444525306531628,0.0280736359280096,-0.0337668643843902,-0.0060990729662497,-0.0069283779055169,-0.0052716692587429,percentile_bootstrap_subsample_20000,-0.0089020884065751,-0.0032960575259243,0.0014301361863408,-0.1013994522406228,-0.1153390194274794,-0.0877076651457244,3.4350599073294743e-05,7.902882924052125e-05,True,-0.0070611759680317,0.0011368040029361,4.565745182843095e-07,8.92856835755983e-06,True,1.0,1.0,True,significant_small_effect,False,True
smc_swing_ob_bullish_mitigated,-1,6776,494,2698,0.4281286894923258,-0.006004141062505,-0.007797501747437,0.0599246584755225,-0.2009299274829332,7.26007000402422,0.7510528712216403,-0.006004141062505,-0.5029740626111446,-0.7103805047417643,-1.0,-0.1805466539661675,1.000109355921819,0.040495139249836,-0.0446256014402809,0.0272023368374154,-0.033390545969144,-0.006004141062505,-0.0074520440868772,-0.0045511374770806,percentile_bootstrap_full,-0.0102723903090935,-0.0017358918159165,0.0021777181859404,-0.1001948315643314,-0.1245830869039163,-0.0760196042494764,0.0058320260810719,0.0086001072666901,True,-0.0070673386774482,0.0010631976149431,0.072573781708904,0.4481749326584954,False,1.0,1.0,False,not_significant,False,False
smc_internal_ob_bearish_mitigated,1,42268,496,4039,0.570644459165326,0.0078676055956285,0.008500469524856,0.0648786339560319,-0.1085386954974498,6.850944555962839,1.4108469967935708,0.0078676055956285,0.6087530552069749,0.8284611456313034,-0.9036143400032643,0.1712451163463429,1.057433333666425,0.0482999545235669,-0.0422392229629082,0.0367510934251323,-0.0294790566324582,0.0086483152925243,0.007736391330281,0.0095549902911253,percentile_bootstrap_subsample_20000,0.0052521016841614,0.0120445289008873,0.0017327938719093,0.1334942589810978,0.1190624777795968,0.1477914016905997,5.6143255275293386e-06,1.508582126481166e-05,True,0.0070781476892119,0.0007894579064166,0.0039027495181526,0.0381602175108259,True,0.1312581496160075,1.0,True,significant_small_effect,False,True
ict_liquidity_buyside_pool_formed,1,58941,496,3921,0.5715885376902327,0.0074293430878938,0.0082209481025341,0.0589150908181834,0.3193451941537626,7.9428310952307,1.4210232037483297,0.0074293430878939,0.6330297686442288,0.9248060369387572,-0.97432323979769,0.1580934496181777,1.0608113260394922,0.0444532164708567,-0.0384280460766207,0.0341600627111147,-0.0273866544584705,0.0070470990886488,0.0062126833418382,0.0078935599500945,percentile_bootstrap_subsample_20000,0.0042972413597479,0.0097969568175498,0.0014030144068467,0.1181210398281187,0.1044107342065029,0.1320353040575441,1.188393007996103e-07,4.700161110276722e-07,True,0.006845704341042,0.0005836387468518,0.0077016956619739,0.0695127403337137,False,0.5811962173891718,1.0,False,not_significant,False,False
ict_nwog_gap_up,1,147321,496,852,0.5698101424779902,0.0076672287612617,0.0077030577821652,0.0626270769931437,0.273657420852985,9.167622746447536,1.422551822118206,0.0076672287612618,0.6145773483449405,0.8668557081569581,-0.9782099674444872,0.1573768591118484,1.0700362106618606,0.0461138679180228,-0.0397383051846425,0.0341561689600804,-0.0275737327899682,0.0074665450375719,0.0066043325111398,0.0083264824473735,percentile_bootstrap_subsample_20000,0.0040591242496572,0.0108739658254866,0.0017385119256857,0.1213562526022578,0.1073885766820142,0.1354652245117392,1.0326326715568097e-05,2.6339615970144716e-05,True,0.0071875883526514,0.0004796404086103,0.000912023442457,0.0110700776463749,True,0.1912768934664974,1.0,True,significant_small_effect,False,True
smc_swing_choch_bullish,1,2699,492,1484,0.5694701741385698,0.0073393012263925,0.0067255450539571,0.0547620413913131,0.7205339630837233,6.088822302051467,1.461349097069841,0.0073393012263925,0.6727835343029294,1.0861866258986348,-0.8321065295851136,0.1910962103591328,1.1000526384579092,0.042633191003495,-0.0364681624861527,0.0316150050308861,-0.0276766085085344,0.0073393012263925,0.0052983725834218,0.0093900039061717,percentile_bootstrap_full,0.004173209658076,0.010505392794709,0.0016153825112688,0.1340216880146614,0.0974794858203561,0.1699366885099465,5.53585718119698e-06,1.508582126481166e-05,True,0.006946761869472,0.0003925393569204,0.370527218798923,1.0,False,0.5548044288277253,1.0,False,not_significant,False,False
smc_internal_ob_bullish_mitigated,-1,54035,496,4029,0.4346071990376607,-0.007177100576663,-0.0077562639444164,0.066091282371724,-0.078689513145717,8.263865157622954,0.7306851706227167,-0.007177100576663,-0.5451363275236757,-0.7533273277992584,-1.0,-0.2128266110535335,0.947924306259227,0.0429445598086302,-0.0482122957011192,0.0294117900898136,-0.0355284547799918,-0.0073260399612746,-0.0082430953694307,-0.0064190982951719,percentile_bootstrap_subsample_20000,-0.0110166975078663,-0.0036353824146829,0.0018830231303185,-0.1117453698213934,-0.1256774386643406,-0.0979559291659206,0.0001381385471003,0.0002810680264699,True,-0.0071241936121379,-5.290696452509708e-05,0.5811110071774543,1.0,False,1.0,1.0,False,not_significant,False,False
ict_nwog_gap_down,-1,130643,496,851,0.4280826374164708,-0.0073143324730519,-0.0082813373595631,0.0656073252438814,0.0594386999906431,7.907816008093292,0.7252241865302055,-0.0073143324730519,-0.5596578959652143,-0.7938501448836243,-1.0,-0.2163129814437751,0.966602490147007,0.041349732197323,-0.0477834915961171,0.0285865881572264,-0.0356007343885758,-0.006786289095326,-0.0077055922904737,-0.0058487306621601,percentile_bootstrap_subsample_20000,-0.010980863851937,-0.0025917143387149,0.0021401284700183,-0.1031901606454811,-0.1176016204567286,-0.0888382192410627,0.0006315100580955,0.0011399566176904,True,-0.0071069641457419,-0.00020736832731,0.8978668977720463,1.0,False,1.0,1.0,False,not_significant,False,False
ict_ob_bearish_mitigated,1,20112,496,3504,0.5658313444709626,0.0068463022452767,0.0067156232497617,0.0556367143167538,0.4420692602047134,5.789938665302543,1.4176348732430832,0.0068463022452767,0.6177245534934865,0.9239070457709994,-0.9291117035228452,0.1538576631175773,1.0829086074782182,0.0425871368559723,-0.0368785088929793,0.0315523317699918,-0.0267478791440145,0.0069071912449918,0.0061295997881708,0.0076884761636943,percentile_bootstrap_subsample_20000,0.0045598638847114,0.0092545186052722,0.0011976379975756,0.1241739019320603,0.1104782856493528,0.137875329222468,1.087379963143738e-08,5.888580723486089e-08,True,0.0070850250551491,-0.0002387228098723,0.7096801957521306,1.0,False,0.9392170110071824,1.0,False,not_significant,False,False
ict_mss_bullish,1,36506,496,3747,0.5661535090122172,0.0067595233126525,0.0076476374431769,0.0614191247560754,0.4387954868995067,7.16476921159768,1.3643205009199169,0.0067595233126525,0.5524751103095645,0.8085506319687356,-0.9029565486491542,0.1448591819375443,1.0412614467539565,0.0448683333797494,-0.0397899594664969,0.0336996941654742,-0.0280237086262927,0.0066050633187129,0.0057567782288333,0.0074701046041877,percentile_bootstrap_subsample_20000,0.0034346276682071,0.0097754989692186,0.0016175989204422,0.1073565633859303,0.0936141788780686,0.1211467944052357,2.9313015294259347e-05,6.788277226039006e-05,True,0.0071151225456977,-0.0003555992330452,0.868734160506178,1.0,False,0.9819845247513832,1.0,False,not_significant,False,False
ict_liquidity_buyside_swept,1,44261,496,3852,0.5705926210433565,0.0064167267328184,0.0072672581002346,0.0559268327252092,0.4169234107158529,7.640105347633867,1.376750768580476,0.0064167267328184,0.5759616803175648,0.8485399066667544,-0.9254031202520698,0.1406214347475743,1.0320588220457565,0.0423542621075358,-0.037278528075088,0.0323509578373271,-0.0266037206397625,0.0058386110967751,0.0050593406279428,0.0066152452879114,percentile_bootstrap_subsample_20000,0.0033796126300311,0.0082976095635192,0.0012546140983936,0.1034783988763466,0.0898991822151118,0.1171760986759816,3.145692032681369e-07,1.0855721524547468e-06,True,0.00686758151285,-0.0004508547800315,0.9476013154954124,1.0,False,0.9998515536326408,1.0,False,not_significant,False,False
smc_swing_ob_bullish_formed,1,7275,494,2621,0.5696219931271478,0.006573651764506,0.0063508196797945,0.0516504830155367,0.6539100702322036,7.201170616758425,1.4391971078541863,0.006573651764506,0.6388995423020136,0.9767755724202728,-0.7072296742698978,0.1999680221184822,1.082176203685725,0.0394162621632967,-0.0337812615581919,0.0298254447662109,-0.0243635385547733,0.006573651764506,0.0054053317182342,0.00776076869711,percentile_bootstrap_full,0.0044086691114625,0.0087386344175495,0.0011046032748782,0.1272718352416693,0.1049022453214699,0.1498011639688752,2.662767185227842e-09,1.9128449983677565e-08,True,0.0071270064388693,-0.0005533546743633,0.7836965987594621,1.0,False,0.9296123207905082,1.0,False,not_significant,False,False
smc_equal_highs,-1,10483,495,2903,0.4247829819708099,-0.0075341879060914,-0.0080431540136407,0.058911524798308,-0.5014649634844555,8.707723417921581,0.695741161704682,-0.0075341879060914,-0.6420021082466565,-0.8746386311998192,-1.0,-0.2112416671071854,0.9397895997425696,0.0373116898372605,-0.0445010022938661,0.0265115525007706,-0.0334466537572892,-0.0075341879060914,-0.008686722132965,-0.0063904806444046,percentile_bootstrap_full,-0.0101383311914319,-0.0049300446207509,0.0013286689374603,-0.1278898811715667,-0.147626874003961,-0.1088957994897356,1.4239970131928938e-08,7.401407576997351e-08,True,-0.0069563277740563,-0.000577860132035,0.8370967115624752,1.0,False,1.0,1.0,False,not_significant,False,False
smc_internal_choch_bearish,-1,26315,496,3349,0.4363670910127303,-0.0076683959345759,-0.0074694778722737,0.0651361517381335,0.0234116525414649,6.294966054457042,0.7175747753913032,-0.0076683959345759,-0.5909934966888779,-0.8390693791214253,-1.0,-0.2207725883995141,0.9242923019082788,0.0429958992403471,-0.0486731969051892,0.0306153952888759,-0.0371890586806751,-0.007494193987436,-0.0084023640254375,-0.0065968302480439,percentile_bootstrap_subsample_20000,-0.0121539027467325,-0.0028344852281396,0.0023774460955897,-0.114537868284746,-0.1285373571547215,-0.1005804353142405,0.0012576326658045,0.0021489645551611,True,-0.007083410309922,-0.0005849856246539,0.9411939898974524,1.0,False,1.0,1.0,False,not_significant,False,False
smc_fvg_bullish_formed,1,68004,496,3881,0.5558643609199458,0.0065334826287078,0.0065779957931342,0.0662544613066918,0.4360013243603449,8.332658420326139,1.328473390473521,0.0065334826287078,0.4950281362208434,0.7194109812265294,-0.9918207162980088,0.1164504206081493,1.057935887236433,0.0495653006000271,-0.0445121744948046,0.0359126840555618,-0.0318665990761324,0.0059469434927816,0.0050423890767364,0.0068685818829981,percentile_bootstrap_subsample_20000,0.0023423764733801,0.0095515105121832,0.0018390985851788,0.0901589977992598,0.0768067086569541,0.103988992613183,0.0003815220643772,0.0007338566484196,True,0.0071342789100207,-0.0006007962813129,0.99540203809424,1.0,False,0.9995843308537108,1.0,False,not_significant,False,False
smc_internal_choch_bullish,1,26396,496,3573,0.5678890741021367,0.0063951662191522,0.0076113684474428,0.0604210461914126,0.3264691475312088,6.493044308796982,1.3482839618657367,0.0063951662191522,0.5313294233590591,0.7646388176440233,-0.8738818958391211,0.1396069249780011,1.0220514115197044,0.0446508044172,-0.0393782166365504,0.0337625715902458,-0.0279529025170717,0.0063609485589381,0.0055186350916448,0.0071848595706561,percentile_bootstrap_subsample_20000,0.0033811349871022,0.009340762130774,0.0015203409714851,0.1053380851193724,0.0913752298174328,0.1188966067063202,2.5946783003407885e-05,6.08884507813305e-05,True,0.0070818360884156,-0.0006866698692634,0.9671142148794576,1.0,False,0.9972006492036036,1.0,False,not_significant,False,False
ict_bpr_bearish,-1,26182,496,3238,0.4397295852112138,-0.007852787976803,-0.007514065222767,0.0649880223843514,-0.3109089341891538,6.544892396773436,0.7136008661310106,-0.007852787976803,-0.6065838186164505,-0.8349819930568393,-1.0,-0.2259226545436918,0.907543114904044,0.0425225762148589,-0.0495964982773383,0.0302722061574403,-0.03717976991347,-0.0081016648528556,-0.0089905738176379,-0.0071906250449031,percentile_bootstrap_subsample_20000,-0.0120559043760231,-0.004147425329688,0.0020175062007095,-0.1236640255859412,-0.1374379480201014,-0.1099114327071709,9.928848973223492e-05,0.0002043833238932,True,-0.0071625173392795,-0.0006902706375234,0.9658887329866196,1.0,False,1.0,1.0,False,not_significant,False,False
smc_swing_bos_bearish,-1,1245,445,664,0.4369477911646586,-0.0075868571605451,-0.0093436880998756,0.0889488662397045,0.7136810064687076,6.2751922719390265,0.780241421776566,-0.0075868571605451,-0.4281754483174194,-0.6500590322704443,-0.9999994733718776,-0.2532861763452276,1.003987123609552,0.057803602687236,-0.0640298872730918,0.0374908845652031,-0.0487288620600032,-0.0075868571605451,-0.0125094201236176,-0.0026326485844932,percentile_bootstrap_full,-0.018601600795033,0.0034278864739427,0.005619870382562,-0.0852945909405932,-0.1442708931510355,-0.0286827755559743,0.1770141481863612,0.1971803169670858,False,-0.006712994705132,-0.000873862455413,0.6810424519010012,1.0,False,0.9999999984678796,1.0,False,not_significant,False,False
smc_equal_lows,1,9341,495,2623,0.5511187239053634,0.005974045072359,0.0056553979357385,0.0588924169996906,0.2840098296706465,6.869153983780226,1.3335496421572552,0.005974045072359,0.5092246129529957,0.7446383193629071,-0.922548121700615,0.1220062824875881,1.083055760267965,0.0435671277123115,-0.0383701294569771,0.0325305919661542,-0.0272518566683116,0.005974045072359,0.0047680995898665,0.0071398741365281,percentile_bootstrap_full,0.0033242090360102,0.0086238811087077,0.0013519819937247,0.1014399709964423,0.0810766264483504,0.1213287656443379,9.928201638035931e-06,2.5508956033493786e-05,True,0.0070077111150639,-0.0010336660427048,0.9482885402630774,1.0,False,0.992379709406934,1.0,False,not_significant,False,False
ict_bpr_bullish,1,26830,496,3288,0.5595974655236675,0.006190668484569,0.0068384872670889,0.0626845626044529,0.1375848487604635,5.075353477875932,1.3210031056207234,0.006190668484569,0.4957665469802871,0.7056489530219877,-0.9435191279189356,0.1186841781768172,1.0361084702137762,0.0463650960402031,-0.0413812735564962,0.034936866330393,-0.0293680706342487,0.0060858777354605,0.0052394134153674,0.0069388753779495,percentile_bootstrap_subsample_20000,0.0026235153247101,0.0095482401462108,0.0017665438807806,0.0977057747551546,0.0840201356334744,0.1115198658007275,0.0004576450829154,0.0008523336993981,True,0.0072374171347075,-0.0010467486501385,0.9972843311401228,1.0,False,0.999328464929191,1.0,False,not_significant,False,False
smc_swing_bos_bullish,1,4576,492,2154,0.5697115384615384,0.006122059129534,0.0062187606018355,0.0497246617223495,0.592200591689004,7.995827210119556,1.4247754070054195,0.006122059129534,0.6180533332565995,0.9133786529664508,-0.6715250052069701,0.1953380709274875,1.070631002042047,0.037518864667734,-0.0321964832355158,0.0287133601638269,-0.0228362480965331,0.006122059129534,0.004687742284448,0.0075233327670917,percentile_bootstrap_full,0.003882076766609,0.0083620414924591,0.0011428691358234,0.1231191710004619,0.0945899347868496,0.1508263370047688,8.473432941639431e-08,3.468195808671023e-07,True,0.007233317647961,-0.0011112585184269,0.8976131031104506,1.0,False,0.9661333524434064,1.0,False,not_significant,False,False
ict_liquidity_sellside_pool_formed,-1,51635,495,3812,0.4251767212162293,-0.0082296747785722,-0.0090014036815511,0.0647433857712262,0.2149595008792122,7.678966956357291,0.6986155066961769,-0.0082296747785722,-0.6380982245448632,-0.9314165968220784,-1.0,-0.2353208399943725,0.9421794626154872,0.041919130538255,-0.0489096638637429,0.0291092916088328,-0.0375203795381129,-0.0081279064898018,-0.0090181303384465,-0.0072280502125288,percentile_bootstrap_subsample_20000,-0.0122096078244047,-0.004046205155199,0.0020825389316348,-0.1257883603732818,-0.1398039444701419,-0.1116350371652882,7.758152420746113e-05,0.0001655072516425,True,-0.0068871074769137,-0.0013425673016585,0.9999998401006972,1.0,False,1.0,1.0,False,not_significant,False,False
ict_mss_bearish,-1,36553,496,3540,0.4294038792985528,-0.0084623701195708,-0.0084442687519528,0.063558395723184,-0.0896495512122142,6.29389524349499,0.6876712922019007,-0.0084623701195708,-0.6683737115975126,-0.9377700115983196,-1.0,-0.2345609165276044,0.911418571080284,0.0418866422725691,-0.0482492839173391,0.0299859648952779,-0.037056603883474,-0.0081861572541433,-0.0090754076767379,-0.0073074166520422,percentile_bootstrap_subsample_20000,-0.0123010985155722,-0.0040712159927143,0.0020994983894749,-0.1277430777265112,-0.141881959033334,-0.1138453056538491,5.561978207248223e-05,0.0001216034986926,True,-0.0071051442793814,-0.0013572258401894,0.999990747902712,1.0,False,1.0,1.0,False,not_significant,False,False
ict_displacement_bullish,1,212461,496,4045,0.5603757866149552,0.0056631236355506,0.0064648459166241,0.0600854904982137,0.2552340461232614,8.319477692837232,1.3093364648985213,0.0056631236355506,0.4731367721456603,0.6660163890593427,-0.9982810036206508,0.1019391871141435,1.023039398000848,0.0439511649577862,-0.0398502716295398,0.0328299161095873,-0.0278828811628936,0.0055110157242725,0.0046778482900977,0.006365115676692,percentile_bootstrap_subsample_20000,0.0030380464938855,0.0079839849546596,0.0012617421699516,0.0906609093295196,0.0770761708378373,0.1046562185165164,7.178143013696319e-06,1.885601746881421e-05,True,0.0072136732067465,-0.0015505495711958,1.0,1.0,False,1.0,1.0,False,not_significant,False,False
ict_fvg_bullish_formed,1,112181,496,3897,0.5589716618678743,0.0056419965023506,0.0062563990054116,0.0591235506250743,0.4810577175547444,9.01780021565205,1.3145178891286882,0.0056419965023506,0.4790408789853584,0.692654707746504,-0.9773105866017984,0.1056433242391069,1.0333176377209723,0.0434980263801345,-0.0391950250630131,0.0322696530159505,-0.0278180447757829,0.0054532206485251,0.0046389446899533,0.0062305053740057,percentile_bootstrap_subsample_20000,0.0030180923722134,0.0078883489248368,0.0012424352061117,0.0932140523315638,0.0794196595694292,0.1065815370808627,5.596703673015203e-06,1.508582126481166e-05,True,0.0072716797912096,-0.001629683288859,1.0,1.0,False,1.0,1.0,False,not_significant,False,False
smc_internal_ob_bearish_formed,-1,42864,496,3649,0.4270483389324375,-0.0087024317979142,-0.0089724907064304,0.0688086831196796,0.2134062249780214,6.117154426914588,0.6982063024242101,-0.0087024317979142,-0.6348887805008624,-0.9200531938090613,-1.0,-0.2456538152930868,0.9344636002781056,0.0449770178351926,-0.0512701543293432,0.0312943199347431,-0.0388891069098618,-0.0076449237893807,-0.0086071188258675,-0.0066673717834914,percentile_bootstrap_subsample_20000,-0.0126035298178405,-0.0026863177609209,0.002529947503352,-0.109832131247197,-0.1241309406249284,-0.0955245287755145,0.000582213600127,0.001056387563117,True,-0.0070703526730708,-0.0016320791248434,0.9999999846653034,1.0,False,1.0,1.0,False,not_significant,False,False
ict_ob_bearish_formed,-1,22431,496,3167,0.4277562302171102,-0.0086744365955981,-0.0090446905945686,0.0708431847914538,0.268675885732959,6.204029593278023,0.705344094119051,-0.0086744365955981,-0.6146720569047704,-0.8934793625567634,-1.0,-0.2477344472203309,0.9415369627385934,0.0470457011288973,-0.0523205853413417,0.0325616815452697,-0.0396435424032053,-0.0086957572215499,-0.0096928048527192,-0.0077195040690316,percentile_bootstrap_subsample_20000,-0.0147480430274437,-0.0026434714156561,0.0030879576389636,-0.1225404158517516,-0.1369675388288919,-0.1083846429169148,0.0049677474285574,0.0075049231538721,True,-0.007026705567538,-0.00164773102806,0.9999707566673388,1.0,False,1.0,1.0,False,not_significant,False,False
ict_fvg_bearish_formed,-1,90730,496,3867,0.4286013446489584,-0.0087778230800699,-0.0087001894659577,0.0688431333586926,0.0490253685212209,8.495938720662645,0.6929134234525384,-0.0087778230800699,-0.640068515140192,-0.8935188178936774,-1.0,-0.2482595283723551,0.9216334765149188,0.0436076650785908,-0.0513198449785005,0.0298830161175649,-0.0382432337589363,-0.0082983144510253,-0.0092564877766,-0.0073375927989515,percentile_bootstrap_subsample_20000,-0.0126986803819891,-0.0038979485200616,0.0022451258956612,-0.1195006608635689,-0.1337974208301379,-0.1055500338845624,9.2401553995339e-05,0.0001913255706256,True,-0.0071196275989601,-0.0016581954811098,1.0,1.0,False,1.0,1.0,False,not_significant,False,False
ict_ob_bullish_formed,1,32541,496,3704,0.5644571463691958,0.0055280233880096,0.0064845262897952,0.0563592362399698,0.4639045324934915,8.338552547979788,1.3232618450053677,0.0055280233880096,0.4923852596014789,0.7075149558779004,-0.9128174889012516,0.1144891235571241,1.0160040178631695,0.0415857897618366,-0.037058456517777,0.0313783723719645,-0.0262517200591193,0.0057357038212367,0.0049621184251164,0.0065206961050279,percentile_bootstrap_subsample_20000,0.0035303907330479,0.0079410169094256,0.0011251804054507,0.1016530573057856,0.0881166644147131,0.1153413427637179,8.968837345878564e-07,2.896358482338766e-06,True,0.0071905621832946,-0.001662538795285,0.9999996734906992,1.0,False,0.9999999965055112,1.0,False,not_significant,False,False
ict_displacement_bearish,-1,190415,496,4069,0.4268886379749494,-0.0090159942042497,-0.0084535245442849,0.0652519562776657,-0.1620051900771678,9.44520573135058,0.6731773309676522,-0.0090159942042497,-0.693618004468068,-0.9506890835874212,-1.0,-0.2506232442713889,0.9013682639386764,0.0415976562292739,-0.0492625144019591,0.0290283595587742,-0.0366376643479819,-0.0090883508835242,-0.0099882376563769,-0.0081971938265367,percentile_bootstrap_subsample_20000,-0.0122372416608304,-0.005939460106218,0.0016066064362948,-0.1398798840727869,-0.1540604978831057,-0.1260824941835581,2.002038224616606e-08,9.707351932153008e-08,True,-0.007124264830897,-0.0018917293733527,1.0,1.0,False,1.0,1.0,False,not_significant,False,False
ict_liquidity_sellside_swept,-1,32884,495,3718,0.4205084539593723,-0.0088453830526892,-0.0096483999807519,0.0689675016405407,0.472897021893942,6.32231106769158,0.6937500218507934,-0.0088453830526892,-0.6438317970227996,-0.9570500406577216,-1.0,-0.2478883258577994,0.9542825546444852,0.0453431350878081,-0.0513568081765424,0.0311435375602084,-0.0394416125124215,-0.0082068899755026,-0.009158762098986,-0.0072538858293218,percentile_bootstrap_subsample_20000,-0.0131659676209634,-0.0032478123300418,0.0025301881286905,-0.1199952212598515,-0.1345629498914974,-0.1054542381753816,0.0004723968913933,0.0008751773987918,True,-0.0068706232631341,-0.001974759789555,0.9999999984340966,1.0,False,1.0,1.0,False,not_significant,False,False
smc_internal_ob_bullish_formed,1,58340,496,3895,0.5579876585533082,0.0051984258096331,0.005899601142312,0.0572212558865863,0.5122795325537792,7.847663501146396,1.2954837106759465,0.0051984258096331,0.4560523891097557,0.6675584796691612,-0.9270260774824384,0.1015806718275311,1.0218056632358183,0.0418617362534705,-0.0379740087563909,0.0310974916724438,-0.0272088354699181,0.005473581866017,0.0046908411289104,0.0062648432973439,percentile_bootstrap_subsample_20000,0.0032804255970505,0.0076667381349835,0.001118977832739,0.0954598703979971,0.0819751321348129,0.1088347904299325,3.389391877333457e-06,9.63643794121457e-06,True,0.0071791530291907,-0.0019807272195576,0.9999999999999992,1.0,False,1.0,1.0,False,not_significant,False,False
ict_volume_imbalance_bullish,1,117546,496,3872,0.5551443690129821,0.0050128544465555,0.0056853964140028,0.0587521245753676,0.3101096990945041,10.683211403033058,1.2783972067633884,0.0050128544465555,0.4283135254678121,0.5992073506394096,-0.9865593688918556,0.0871832423313164,1.0208370492686636,0.0421943474266707,-0.0392988827113293,0.0312286540229381,-0.0276927780801934,0.005296728376935,0.0044623141767606,0.0061095406345546,percentile_bootstrap_subsample_20000,0.0028306059962689,0.0077628507576011,0.001258248815114,0.0892417894425665,0.0753324860849893,0.1027213721222932,6.776687519845779e-05,0.0001465967283901,True,0.0070932330694562,-0.0020803786229006,1.0,1.0,False,1.0,1.0,False,not_significant,False,False
ict_volume_imbalance_bearish,-1,84642,496,3769,0.4163181399305309,-0.0093969326870335,-0.0100480433027178,0.0675463695185296,0.0140181397874516,9.27530470009974,0.669331950214672,-0.0093969326870335,-0.6983680698737467,-0.9831983688819071,-1.0,-0.2607814638659879,0.936453103965422,0.0423447968715054,-0.0504842435565787,0.0285247701547875,-0.0378225923409462,-0.0093109824478857,-0.0102627040718727,-0.008364295798093,percentile_bootstrap_subsample_20000,-0.0136651585109792,-0.0049568063847921,0.0022215592036861,-0.1355357389794822,-0.1498065557241947,-0.121436807481905,2.338142058919634e-05,5.560986518511562e-05,True,-0.0070807676453006,-0.0023161650417329,1.0,1.0,False,1.0,1.0,False,not_significant,False,False
ict_ob_bullish_mitigated,-1,20531,496,3022,0.4186839413569724,-0.0094232171956191,-0.0114601452036551,0.0872782976359794,0.6915763361415044,7.343373072401619,0.7261080183011368,-0.0094232171956191,-0.5419924101961184,-0.8168415587372553,-1.0,-0.2855551121834038,1.0066343943804847,0.0575646312281529,-0.0622112018483029,0.0356363932291666,-0.0458064774539832,-0.0095013799684134,-0.0107052723665893,-0.0083022568163658,percentile_bootstrap_subsample_20000,-0.0219629755252287,0.0029602155884018,0.0063580736976879,-0.1087871212013078,-0.1232408391995337,-0.0943418832001546,0.138317196623267,0.156551939586463,False,-0.0069758815281011,-0.002447335667518,0.9999999947878212,1.0,False,1.0,1.0,False,not_significant,False,False
smc_swing_ob_bearish_mitigated,1,3846,492,1736,0.5652626105044202,0.004391963490538,0.0091718215342821,0.0833793218300766,-1.04669121653123,7.355899922527158,1.1683984899741109,0.004391963490538,0.2644238554507933,0.3019816570572353,-0.993697702167088,0.0141327079239395,0.893765726231346,0.0567409571759433,-0.0586259559851195,0.0434167779826771,-0.0350088458236956,0.004391963490538,0.0018001516046768,0.0070323092976275,percentile_bootstrap_full,-0.0071016479052396,0.0158855748863157,0.0058641951565323,0.0526744928375483,0.0210936984614489,0.0862609064319347,0.4538899604417563,0.4769231823149201,False,0.0068690334951025,-0.0024770700045645,0.9927880305762212,1.0,False,0.988978453254588,1.0,False,not_significant,False,False
ict_bos_bullish,1,80739,496,3887,0.552013277350475,0.0043520961359336,0.0050373596075867,0.0546127811492979,0.7025602369288688,10.258749626763112,1.2580413326991424,0.0043520961359336,0.4000409565608728,0.586795436364893,-0.9703425733366398,0.0775136144466622,1.0162503556545406,0.0395839817473636,-0.0369482615569303,0.0291069305221673,-0.0263630473785115,0.0046052427461276,0.0038404080383059,0.0053644395243097,percentile_bootstrap_subsample_20000,0.0025823245519748,0.0066281609402804,0.0010321200767732,0.084691841387931,0.0709258867927271,0.0984430619808517,2.4795090290208302e-05,5.857632068559277e-05,True,0.0072348706117669,-0.0028827744758332,1.0,1.0,False,1.0,1.0,False,not_significant,False,False
smc_internal_bos_bullish,1,31944,496,3635,0.5498059103431004,0.0042095340036705,0.004727797834148,0.0544165658628601,0.7059044075938395,9.316018320489976,1.2482402822747551,0.0042095340036705,0.3883319840597546,0.5790536977888822,-0.8513365098747911,0.0842104575327789,1.0172557740817951,0.0395570704868225,-0.0368136822097878,0.0290964206461681,-0.0265760869939389,0.0042317904352256,0.0034775215819769,0.0049783435355085,percentile_bootstrap_subsample_20000,0.0022199024649042,0.0062436784055471,0.0010264923081859,0.0780907488476136,0.0643777001794905,0.0917493332969006,4.115607766039122e-05,9.346412475134006e-05,True,0.0072595680670288,-0.0030500340633582,1.0,1.0,False,1.0,1.0,False,not_significant,False,False
smc_internal_bos_bearish,-1,16549,495,2936,0.412230346244486,-0.0103466794106852,-0.0112136185345887,0.0742478554367181,0.4301778801165936,5.699288151634331,0.671670185364281,-0.0103466794106852,-0.699547725872969,-1.0461085031117574,-1.0,-0.2835923483258392,0.955815619981888,0.0481272465996714,-0.0553996446077053,0.032400724907868,-0.0418848399546605,-0.0103466794106852,-0.011458387432479,-0.0092073890788903,percentile_bootstrap_full,-0.0168751711197383,-0.0038181877016322,0.0033309242971059,-0.139353242593031,-0.1551870054536087,-0.123351764662974,0.0018947725545798,0.0031166352299631,True,-0.0070495893814073,-0.0032970900292779,0.999999999994352,1.0,False,1.0,1.0,False,not_significant,False,False
smc_fvg_bearish_formed,-1,67673,496,3774,0.4209655253941749,-0.0108983512375711,-0.0106353504893286,0.0776065829459852,0.0225120385364951,8.292123456089525,0.664652616556483,-0.0108983512375711,-0.7049568082607361,-0.9739518335036632,-1.0,-0.3010662786548684,0.9122408490367344,0.0492454440981944,-0.0586302377876609,0.0331001224514454,-0.0432493883916269,-0.0110586043213705,-0.0121532701982714,-0.0099918136813784,percentile_bootstrap_subsample_20000,-0.0176604269319785,-0.0044567817107624,0.0033683387095926,-0.1414107728279813,-0.1558457149425925,-0.1272506845433098,0.0012141835139433,0.0020848419361368,True,-0.0069589399780843,-0.0039394112594868,1.0,1.0,False,1.0,1.0,False,not_significant,False,False
ict_bos_bearish,-1,42496,496,3598,0.402414344879518,-0.0119880474476639,-0.0122902238398807,0.0742945940468261,0.3237595036922701,10.268080276867352,0.624438431712417,-0.0119880474476639,-0.8100121058067259,-1.166949716149716,-1.0,-0.322969833952881,0.925429367482574,0.0468144056650076,-0.0553958764487237,0.030789223404876,-0.0418259967008453,-0.0116818120486676,-0.0127195654440567,-0.0106489852956761,percentile_bootstrap_subsample_20000,-0.0174490683497788,-0.0059145557475564,0.0029425317511501,-0.1552682610045565,-0.1702459211376536,-0.1408914907159331,4.6200803744732605e-05,0.0001035839676315,True,-0.0070616104740594,-0.0049264369736044,1.0,1.0,False,1.0,1.0,False,not_significant,False,False
