signal,cost_bps,n_trades,mean_net_return
ict_bos_bearish,0.0,42496,-0.011988047447663911
ict_bos_bullish,0.0,80739,0.004352096135933683
ict_bpr_bearish,0.0,26182,-0.007852787976803088
ict_bpr_bullish,0.0,26830,0.006190668484569056
ict_displacement_bearish,0.0,190415,-0.009015994204249776
ict_displacement_bullish,0.0,212461,0.005663123635550695
ict_fvg_bearish_formed,0.0,90730,-0.008777823080069976
ict_fvg_bullish_formed,0.0,112181,0.005641996502350616
ict_liquidity_buyside_pool_formed,0.0,58941,0.007429343087893899
ict_liquidity_buyside_swept,0.0,44261,0.006416726732818477
ict_liquidity_sellside_pool_formed,0.0,51635,-0.008229674778572293
ict_liquidity_sellside_swept,0.0,32884,-0.008845383052689235
ict_mss_bearish,0.0,36553,-0.008462370119570873
ict_mss_bullish,0.0,36506,0.006759523312652582
ict_nwog_gap_down,0.0,130643,-0.007314332473051956
ict_nwog_gap_up,0.0,147321,0.007667228761261797
ict_ob_bearish_formed,0.0,22431,-0.008674436595598117
ict_ob_bearish_mitigated,0.0,20124,0.006839692640547142
ict_ob_bullish_formed,0.0,32541,0.005528023388009605
ict_ob_bullish_mitigated,0.0,20562,-0.009388512304144128
ict_sweep_buyside_bearish,0.0,65448,-0.005924371965095585
ict_sweep_sellside_bullish,0.0,49304,0.00821613475931871
ict_volume_imbalance_bearish,0.0,84642,-0.009396932687033534
ict_volume_imbalance_bullish,0.0,117546,0.0050128544465555605
smc_equal_highs,0.0,10483,-0.0075341879060914245
smc_equal_lows,0.0,9341,0.005974045072359006
smc_fvg_bearish_formed,0.0,67673,-0.010898351237571173
smc_fvg_bullish_formed,0.0,68004,0.0065334826287078195
smc_internal_bos_bearish,0.0,16549,-0.010346679410685289
smc_internal_bos_bullish,0.0,31944,0.004209534003670597
smc_internal_choch_bearish,0.0,26315,-0.007668395934575993
smc_internal_choch_bullish,0.0,26396,0.006395166219152226
smc_internal_ob_bearish_formed,0.0,42864,-0.008702431797914289
smc_internal_ob_bearish_mitigated,0.0,38121,0.007010092609640467
smc_internal_ob_bullish_formed,0.0,58340,0.005198425809633111
smc_internal_ob_bullish_mitigated,0.0,39612,-0.007923058038399074
smc_swing_bos_bearish,0.0,1245,-0.007586857160545146
smc_swing_bos_bullish,0.0,4576,0.0061220591295340805
smc_swing_choch_bearish,0.0,2653,-0.003683011440427951
smc_swing_choch_bullish,0.0,2699,0.007339301226392546
smc_swing_ob_bearish_formed,0.0,3898,-0.004929878531640344
smc_swing_ob_bearish_mitigated,0.0,3356,0.006549631324075805
smc_swing_ob_bullish_formed,0.0,7275,0.00657365176450604
smc_swing_ob_bullish_mitigated,0.0,3405,-0.010515017326172648
ict_bos_bearish,5.0,42496,-0.012488047447663912
ict_bos_bullish,5.0,80739,0.0038520961359336833
ict_bpr_bearish,5.0,26182,-0.008352787976803088
ict_bpr_bullish,5.0,26830,0.005690668484569056
ict_displacement_bearish,5.0,190415,-0.009515994204249777
ict_displacement_bullish,5.0,212461,0.005163123635550696
ict_fvg_bearish_formed,5.0,90730,-0.009277823080069976
ict_fvg_bullish_formed,5.0,112181,0.005141996502350615
ict_liquidity_buyside_pool_formed,5.0,58941,0.0069293430878939
ict_liquidity_buyside_swept,5.0,44261,0.005916726732818477
ict_liquidity_sellside_pool_formed,5.0,51635,-0.008729674778572293
ict_liquidity_sellside_swept,5.0,32884,-0.009345383052689235
ict_mss_bearish,5.0,36553,-0.008962370119570873
ict_mss_bullish,5.0,36506,0.006259523312652582
ict_nwog_gap_down,5.0,130643,-0.007814332473051955
ict_nwog_gap_up,5.0,147321,0.007167228761261798
ict_ob_bearish_formed,5.0,22431,-0.009174436595598117
ict_ob_bearish_mitigated,5.0,20124,0.006339692640547142
ict_ob_bullish_formed,5.0,32541,0.005028023388009605
ict_ob_bullish_mitigated,5.0,20562,-0.009888512304144129
ict_sweep_buyside_bearish,5.0,65448,-0.006424371965095585
ict_sweep_sellside_bullish,5.0,49304,0.00771613475931871
ict_volume_imbalance_bearish,5.0,84642,-0.009896932687033535
ict_volume_imbalance_bullish,5.0,117546,0.00451285444655556
smc_equal_highs,5.0,10483,-0.008034187906091424
smc_equal_lows,5.0,9341,0.005474045072359006
smc_fvg_bearish_formed,5.0,67673,-0.011398351237571174
smc_fvg_bullish_formed,5.0,68004,0.00603348262870782
smc_internal_bos_bearish,5.0,16549,-0.01084667941068529
smc_internal_bos_bullish,5.0,31944,0.003709534003670597
smc_internal_choch_bearish,5.0,26315,-0.008168395934575993
smc_internal_choch_bullish,5.0,26396,0.005895166219152226
smc_internal_ob_bearish_formed,5.0,42864,-0.009202431797914289
smc_internal_ob_bearish_mitigated,5.0,38121,0.006510092609640467
smc_internal_ob_bullish_formed,5.0,58340,0.004698425809633111
smc_internal_ob_bullish_mitigated,5.0,39612,-0.008423058038399074
smc_swing_bos_bearish,5.0,1245,-0.008086857160545146
smc_swing_bos_bullish,5.0,4576,0.00562205912953408
smc_swing_choch_bearish,5.0,2653,-0.004183011440427951
smc_swing_choch_bullish,5.0,2699,0.006839301226392546
smc_swing_ob_bearish_formed,5.0,3898,-0.005429878531640344
smc_swing_ob_bearish_mitigated,5.0,3356,0.006049631324075804
smc_swing_ob_bullish_formed,5.0,7275,0.006073651764506039
smc_swing_ob_bullish_mitigated,5.0,3405,-0.011015017326172648
ict_bos_bearish,10.0,42496,-0.012988047447663912
ict_bos_bullish,10.0,80739,0.0033520961359336833
ict_bpr_bearish,10.0,26182,-0.008852787976803087
ict_bpr_bullish,10.0,26830,0.005190668484569056
ict_displacement_bearish,10.0,190415,-0.010015994204249777
ict_displacement_bullish,10.0,212461,0.004663123635550695
ict_fvg_bearish_formed,10.0,90730,-0.009777823080069976
ict_fvg_bullish_formed,10.0,112181,0.004641996502350616
ict_liquidity_buyside_pool_formed,10.0,58941,0.006429343087893899
ict_liquidity_buyside_swept,10.0,44261,0.005416726732818477
ict_liquidity_sellside_pool_formed,10.0,51635,-0.009229674778572294
ict_liquidity_sellside_swept,10.0,32884,-0.009845383052689234
ict_mss_bearish,10.0,36553,-0.009462370119570872
ict_mss_bullish,10.0,36506,0.005759523312652582
ict_nwog_gap_down,10.0,130643,-0.008314332473051956
ict_nwog_gap_up,10.0,147321,0.006667228761261797
ict_ob_bearish_formed,10.0,22431,-0.009674436595598117
ict_ob_bearish_mitigated,10.0,20124,0.005839692640547142
ict_ob_bullish_formed,10.0,32541,0.004528023388009605
ict_ob_bullish_mitigated,10.0,20562,-0.010388512304144129
ict_sweep_buyside_bearish,10.0,65448,-0.006924371965095585
ict_sweep_sellside_bullish,10.0,49304,0.00721613475931871
ict_volume_imbalance_bearish,10.0,84642,-0.010396932687033535
ict_volume_imbalance_bullish,10.0,117546,0.0040128544465555605
smc_equal_highs,10.0,10483,-0.008534187906091424
smc_equal_lows,10.0,9341,0.004974045072359006
smc_fvg_bearish_formed,10.0,67673,-0.011898351237571173
smc_fvg_bullish_formed,10.0,68004,0.0055334826287078195
smc_internal_bos_bearish,10.0,16549,-0.01134667941068529
smc_internal_bos_bullish,10.0,31944,0.003209534003670597
smc_internal_choch_bearish,10.0,26315,-0.008668395934575992
smc_internal_choch_bullish,10.0,26396,0.005395166219152226
smc_internal_ob_bearish_formed,10.0,42864,-0.009702431797914288
smc_internal_ob_bearish_mitigated,10.0,38121,0.006010092609640467
smc_internal_ob_bullish_formed,10.0,58340,0.004198425809633111
smc_internal_ob_bullish_mitigated,10.0,39612,-0.008923058038399073
smc_swing_bos_bearish,10.0,1245,-0.008586857160545146
smc_swing_bos_bullish,10.0,4576,0.0051220591295340805
smc_swing_choch_bearish,10.0,2653,-0.004683011440427951
smc_swing_choch_bullish,10.0,2699,0.006339301226392546
smc_swing_ob_bearish_formed,10.0,3898,-0.005929878531640344
smc_swing_ob_bearish_mitigated,10.0,3356,0.005549631324075805
smc_swing_ob_bullish_formed,10.0,7275,0.00557365176450604
smc_swing_ob_bullish_mitigated,10.0,3405,-0.011515017326172647
ict_bos_bearish,20.0,42496,-0.013988047447663911
ict_bos_bullish,20.0,80739,0.0023520961359336833
ict_bpr_bearish,20.0,26182,-0.009852787976803088
ict_bpr_bullish,20.0,26830,0.004190668484569056
ict_displacement_bearish,20.0,190415,-0.011015994204249776
ict_displacement_bullish,20.0,212461,0.0036631236355506953
ict_fvg_bearish_formed,20.0,90730,-0.010777823080069976
ict_fvg_bullish_formed,20.0,112181,0.0036419965023506157
ict_liquidity_buyside_pool_formed,20.0,58941,0.005429343087893899
ict_liquidity_buyside_swept,20.0,44261,0.004416726732818477
ict_liquidity_sellside_pool_formed,20.0,51635,-0.010229674778572293
ict_liquidity_sellside_swept,20.0,32884,-0.010845383052689235
ict_mss_bearish,20.0,36553,-0.010462370119570873
ict_mss_bullish,20.0,36506,0.004759523312652582
ict_nwog_gap_down,20.0,130643,-0.009314332473051957
ict_nwog_gap_up,20.0,147321,0.005667228761261797
ict_ob_bearish_formed,20.0,22431,-0.010674436595598117
ict_ob_bearish_mitigated,20.0,20124,0.004839692640547142
ict_ob_bullish_formed,20.0,32541,0.0035280233880096053
ict_ob_bullish_mitigated,20.0,20562,-0.011388512304144128
ict_sweep_buyside_bearish,20.0,65448,-0.007924371965095586
ict_sweep_sellside_bullish,20.0,49304,0.00621613475931871
ict_volume_imbalance_bearish,20.0,84642,-0.011396932687033534
ict_volume_imbalance_bullish,20.0,117546,0.0030128544465555605
smc_equal_highs,20.0,10483,-0.009534187906091424
smc_equal_lows,20.0,9341,0.003974045072359006
smc_fvg_bearish_formed,20.0,67673,-0.012898351237571173
smc_fvg_bullish_formed,20.0,68004,0.0045334826287078194
smc_internal_bos_bearish,20.0,16549,-0.012346679410685289
smc_internal_bos_bullish,20.0,31944,0.002209534003670597
smc_internal_choch_bearish,20.0,26315,-0.009668395934575993
smc_internal_choch_bullish,20.0,26396,0.004395166219152226
smc_internal_ob_bearish_formed,20.0,42864,-0.010702431797914289
smc_internal_ob_bearish_mitigated,20.0,38121,0.005010092609640467
smc_internal_ob_bullish_formed,20.0,58340,0.003198425809633111
smc_internal_ob_bullish_mitigated,20.0,39612,-0.009923058038399074
smc_swing_bos_bearish,20.0,1245,-0.009586857160545147
smc_swing_bos_bullish,20.0,4576,0.0041220591295340805
smc_swing_choch_bearish,20.0,2653,-0.005683011440427951
smc_swing_choch_bullish,20.0,2699,0.005339301226392546
smc_swing_ob_bearish_formed,20.0,3898,-0.006929878531640344
smc_swing_ob_bearish_mitigated,20.0,3356,0.0045496313240758045
smc_swing_ob_bullish_formed,20.0,7275,0.00457365176450604
smc_swing_ob_bullish_mitigated,20.0,3405,-0.012515017326172648
ict_bos_bearish,40.0,42496,-0.01598804744766391
ict_bos_bullish,40.0,80739,0.00035209613593368324
ict_bpr_bearish,40.0,26182,-0.011852787976803088
ict_bpr_bullish,40.0,26830,0.0021906684845690557
ict_displacement_bearish,40.0,190415,-0.013015994204249776
ict_displacement_bullish,40.0,212461,0.0016631236355506953
ict_fvg_bearish_formed,40.0,90730,-0.012777823080069976
ict_fvg_bullish_formed,40.0,112181,0.0016419965023506157
ict_liquidity_buyside_pool_formed,40.0,58941,0.0034293430878938993
ict_liquidity_buyside_swept,40.0,44261,0.002416726732818477
ict_liquidity_sellside_pool_formed,40.0,51635,-0.012229674778572293
ict_liquidity_sellside_swept,40.0,32884,-0.012845383052689235
ict_mss_bearish,40.0,36553,-0.012462370119570873
ict_mss_bullish,40.0,36506,0.0027595233126525816
ict_nwog_gap_down,40.0,130643,-0.011314332473051955
ict_nwog_gap_up,40.0,147321,0.0036672287612617973
ict_ob_bearish_formed,40.0,22431,-0.012674436595598117
ict_ob_bearish_mitigated,40.0,20124,0.002839692640547142
ict_ob_bullish_formed,40.0,32541,0.0015280233880096052
ict_ob_bullish_mitigated,40.0,20562,-0.013388512304144128
ict_sweep_buyside_bearish,40.0,65448,-0.009924371965095585
ict_sweep_sellside_bullish,40.0,49304,0.00421613475931871
ict_volume_imbalance_bearish,40.0,84642,-0.013396932687033535
ict_volume_imbalance_bullish,40.0,117546,0.0010128544465555604
smc_equal_highs,40.0,10483,-0.011534187906091425
smc_equal_lows,40.0,9341,0.0019740450723590057
smc_fvg_bearish_formed,40.0,67673,-0.014898351237571173
smc_fvg_bullish_formed,40.0,68004,0.0025334826287078194
smc_internal_bos_bearish,40.0,16549,-0.014346679410685289
smc_internal_bos_bullish,40.0,31944,0.00020953400367059675
smc_internal_choch_bearish,40.0,26315,-0.011668395934575993
smc_internal_choch_bullish,40.0,26396,0.0023951662191522257
smc_internal_ob_bearish_formed,40.0,42864,-0.012702431797914289
smc_internal_ob_bearish_mitigated,40.0,38121,0.0030100926096404673
smc_internal_ob_bullish_formed,40.0,58340,0.001198425809633111
smc_internal_ob_bullish_mitigated,40.0,39612,-0.011923058038399074
smc_swing_bos_bearish,40.0,1245,-0.011586857160545146
smc_swing_bos_bullish,40.0,4576,0.0021220591295340804
smc_swing_choch_bearish,40.0,2653,-0.007683011440427951
smc_swing_choch_bullish,40.0,2699,0.0033393012263925456
smc_swing_ob_bearish_formed,40.0,3898,-0.008929878531640345
smc_swing_ob_bearish_mitigated,40.0,3356,0.0025496313240758045
smc_swing_ob_bullish_formed,40.0,7275,0.00257365176450604
smc_swing_ob_bullish_mitigated,40.0,3405,-0.014515017326172648
ict_bos_bearish,60.0,42496,-0.017988047447663913
ict_bos_bullish,60.0,80739,-0.0016479038640663168
ict_bpr_bearish,60.0,26182,-0.013852787976803088
ict_bpr_bullish,60.0,26830,0.00019066848456905563
ict_displacement_bearish,60.0,190415,-0.015015994204249776
ict_displacement_bullish,60.0,212461,-0.0003368763644493048
ict_fvg_bearish_formed,60.0,90730,-0.014777823080069976
ict_fvg_bullish_formed,60.0,112181,-0.00035800349764938434
ict_liquidity_buyside_pool_formed,60.0,58941,0.0014293430878938992
ict_liquidity_buyside_swept,60.0,44261,0.000416726732818477
ict_liquidity_sellside_pool_formed,60.0,51635,-0.014229674778572293
ict_liquidity_sellside_swept,60.0,32884,-0.014845383052689235
ict_mss_bearish,60.0,36553,-0.014462370119570873
ict_mss_bullish,60.0,36506,0.0007595233126525816
ict_nwog_gap_down,60.0,130643,-0.013314332473051957
ict_nwog_gap_up,60.0,147321,0.0016672287612617973
ict_ob_bearish_formed,60.0,22431,-0.014674436595598117
ict_ob_bearish_mitigated,60.0,20124,0.0008396926405471418
ict_ob_bullish_formed,60.0,32541,-0.0004719766119903948
ict_ob_bullish_mitigated,60.0,20562,-0.015388512304144128
ict_sweep_buyside_bearish,60.0,65448,-0.011924371965095586
ict_sweep_sellside_bullish,60.0,49304,0.00221613475931871
ict_volume_imbalance_bearish,60.0,84642,-0.015396932687033535
ict_volume_imbalance_bullish,60.0,117546,-0.0009871455534444396
smc_equal_highs,60.0,10483,-0.013534187906091424
smc_equal_lows,60.0,9341,-2.595492764099431e-05
smc_fvg_bearish_formed,60.0,67673,-0.016898351237571173
smc_fvg_bullish_formed,60.0,68004,0.0005334826287078194
smc_internal_bos_bearish,60.0,16549,-0.016346679410685287
smc_internal_bos_bullish,60.0,31944,-0.0017904659963294033
smc_internal_choch_bearish,60.0,26315,-0.013668395934575993
smc_internal_choch_bullish,60.0,26396,0.0003951662191522256
smc_internal_ob_bearish_formed,60.0,42864,-0.014702431797914289
smc_internal_ob_bearish_mitigated,60.0,38121,0.0010100926096404672
smc_internal_ob_bullish_formed,60.0,58340,-0.0008015741903668891
smc_internal_ob_bullish_mitigated,60.0,39612,-0.013923058038399074
smc_swing_bos_bearish,60.0,1245,-0.013586857160545147
smc_swing_bos_bullish,60.0,4576,0.0001220591295340804
smc_swing_choch_bearish,60.0,2653,-0.009683011440427951
smc_swing_choch_bullish,60.0,2699,0.0013393012263925455
smc_swing_ob_bearish_formed,60.0,3898,-0.010929878531640343
smc_swing_ob_bearish_mitigated,60.0,3356,0.0005496313240758045
smc_swing_ob_bullish_formed,60.0,7275,0.0005736517645060397
smc_swing_ob_bullish_mitigated,60.0,3405,-0.016515017326172648
