ticker,rows,start,end,missing_values,duplicate_dates,non_monotonic_index,invalid_ohlc_rows,zero_or_negative_price_rows,extreme_daily_move_rows,coverage_days,expected_busdays_approx,coverage_ratio,status
META,3537,2012-05-18,2026-06-12,0,0,False,0,0,0,3537,3670,0.964,OK
GOOGL,4136,2010-01-04,2026-06-12,0,0,False,0,0,0,4136,4289,0.964,OK
AVGO,4136,2010-01-04,2026-06-12,0,0,False,0,0,0,4136,4289,0.964,OK
MSFT,4136,2010-01-04,2026-06-12,0,0,False,0,0,0,4136,4289,0.964,OK
AAPL,4136,2010-01-04,2026-06-12,0,0,False,0,0,0,4136,4289,0.964,OK
AMZN,4136,2010-01-04,2026-06-12,0,0,False,0,0,0,4136,4289,0.964,OK
GOOG,4136,2010-01-04,2026-06-12,0,0,False,0,0,0,4136,4289,0.964,OK
NVDA,4136,2010-01-04,2026-06-12,0,0,False,0,0,0,4136,4289,0.964,OK
BRK-B,4136,2010-01-04,2026-06-12,0,0,False,0,0,0,4136,4289,0.964,OK
TSLA,4014,2010-06-29,2026-06-12,0,0,False,0,0,0,4014,4163,0.964,OK
AMD,4136,2010-01-04,2026-06-12,0,0,False,0,0,1,4136,4289,0.964,OK
LLY,4136,2010-01-04,2026-06-12,0,0,False,0,0,0,4136,4289,0.964,OK
V,4136,2010-01-04,2026-06-12,0,0,False,0,0,0,4136,4289,0.964,OK
JPM,4136,2010-01-04,2026-06-12,0,0,False,0,0,0,4136,4289,0.964,OK
MU,4136,2010-01-04,2026-06-12,0,0,False,0,0,0,4136,4289,0.964,OK
JNJ,4136,2010-01-04,2026-06-12,0,0,False,0,0,0,4136,4289,0.964,OK
WMT,4136,2010-01-04,2026-06-12,0,0,False,0,0,0,4136,4289,0.964,OK
XOM,4136,2010-01-04,2026-06-12,0,0,False,0,0,0,4136,4289,0.964,OK
INTC,4136,2010-01-04,2026-06-12,0,0,False,0,0,0,4136,4289,0.964,OK
CSCO,4136,2010-01-04,2026-06-12,0,0,False,0,0,0,4136,4289,0.964,OK
MA,4136,2010-01-04,2026-06-12,0,0,False,0,0,0,4136,4289,0.964,OK
ABBV,3382,2013-01-02,2026-06-12,0,0,False,0,0,0,3382,3507,0.964,OK
AMAT,4136,2010-01-04,2026-06-12,0,0,False,0,0,0,4136,4289,0.964,OK
BAC,4136,2010-01-04,2026-06-12,0,0,False,0,0,0,4136,4289,0.964,OK
CAT,4136,2010-01-04,2026-06-12,0,0,False,0,0,0,4136,4289,0.964,OK
COST,4136,2010-01-04,2026-06-12,0,0,False,0,0,0,4136,4289,0.964,OK
LRCX,4136,2010-01-04,2026-06-12,0,0,False,0,0,0,4136,4289,0.964,OK
UNH,4136,2010-01-04,2026-06-12,0,0,False,0,0,0,4136,4289,0.964,OK
ORCL,4136,2010-01-04,2026-06-12,0,0,False,0,0,0,4136,4289,0.964,OK
GE,4136,2010-01-04,2026-06-12,0,0,False,0,0,0,4136,4289,0.964,OK
CVX,4136,2010-01-04,2026-06-12,0,0,False,0,0,0,4136,4289,0.964,OK
KO,4136,2010-01-04,2026-06-12,0,0,False,0,0,0,4136,4289,0.964,OK
MS,4136,2010-01-04,2026-06-12,0,0,False,0,0,0,4136,4289,0.964,OK
PLTR,1432,2020-09-30,2026-06-12,0,0,False,0,0,0,1432,1487,0.963,OK
HD,4136,2010-01-04,2026-06-12,0,0,False,0,0,0,4136,4289,0.964,OK
PG,4136,2010-01-04,2026-06-12,0,0,False,0,0,0,4136,4289,0.964,OK
NFLX,4136,2010-01-04,2026-06-12,0,0,False,0,0,0,4136,4289,0.964,OK
GS,4136,2010-01-04,2026-06-12,0,0,False,0,0,0,4136,4289,0.964,OK
MRK,4136,2010-01-04,2026-06-12,0,0,False,0,0,0,4136,4289,0.964,OK
GEV,555,2024-03-27,2026-06-12,0,0,False,0,0,0,555,577,0.962,OK
PM,4136,2010-01-04,2026-06-12,0,0,False,0,0,0,4136,4289,0.964,OK
KLAC,4136,2010-01-04,2026-06-12,0,0,False,0,0,0,4136,4289,0.964,OK
DELL,2469,2016-08-17,2026-06-12,0,0,False,0,0,0,2469,2562,0.964,OK
PANW,3494,2012-07-20,2026-06-12,0,0,False,0,0,0,3494,3625,0.964,OK
IBM,4136,2010-01-04,2026-06-12,0,0,False,0,0,0,4136,4289,0.964,OK
SNDK,334,2025-02-13,2026-06-12,0,0,False,0,0,0,334,346,0.965,OK
TXN,4136,2010-01-04,2026-06-12,0,0,False,0,0,0,4136,4289,0.964,OK
WFC,4136,2010-01-04,2026-06-12,0,0,False,0,0,0,4136,4289,0.964,OK
LIN,4136,2010-01-04,2026-06-12,0,0,False,0,0,0,4136,4289,0.964,OK
RTX,4136,2010-01-04,2026-06-12,0,0,False,0,0,0,4136,4289,0.964,OK
AXP,4136,2010-01-04,2026-06-12,0,0,False,0,0,0,4136,4289,0.964,OK
C,4136,2010-01-04,2026-06-12,0,0,False,0,0,0,4136,4289,0.964,OK
ANET,3023,2014-06-06,2026-06-12,0,0,False,0,0,0,3023,3135,0.964,OK
TMUS,4136,2010-01-04,2026-06-12,0,0,False,0,0,0,4136,4289,0.964,OK
MRVL,4136,2010-01-04,2026-06-12,0,0,False,0,0,0,4136,4289,0.964,OK
STX,4136,2010-01-04,2026-06-12,0,0,False,0,0,0,4136,4289,0.964,OK
TMO,4136,2010-01-04,2026-06-12,0,0,False,0,0,0,4136,4289,0.964,OK
QCOM,4136,2010-01-04,2026-06-12,0,0,False,0,0,0,4136,4289,0.964,OK
AMGN,4136,2010-01-04,2026-06-12,0,0,False,0,0,0,4136,4289,0.964,OK
MCD,4136,2010-01-04,2026-06-12,0,0,False,0,0,0,4136,4289,0.964,OK
APH,4136,2010-01-04,2026-06-12,0,0,False,2,0,0,4136,4289,0.964,ISSUES_FOUND
CRWD,1761,2019-06-12,2026-06-12,0,0,False,0,0,0,1761,1827,0.964,OK
PEP,4136,2010-01-04,2026-06-12,0,0,False,0,0,0,4136,4289,0.964,OK
WDC,4136,2010-01-04,2026-06-12,0,0,False,0,0,0,4136,4289,0.964,OK
NEE,4136,2010-01-04,2026-06-12,0,0,False,0,0,0,4136,4289,0.964,OK
SCHW,4136,2010-01-04,2026-06-12,0,0,False,0,0,0,4136,4289,0.964,OK
ADI,4136,2010-01-04,2026-06-12,0,0,False,0,0,0,4136,4289,0.964,OK
UNP,4136,2010-01-04,2026-06-12,0,0,False,0,0,0,4136,4289,0.964,OK
VZ,4136,2010-01-04,2026-06-12,0,0,False,0,0,0,4136,4289,0.964,OK
BA,4136,2010-01-04,2026-06-12,0,0,False,0,0,0,4136,4289,0.964,OK
DIS,4136,2010-01-04,2026-06-12,0,0,False,0,0,0,4136,4289,0.964,OK
TJX,4136,2010-01-04,2026-06-12,0,0,False,0,0,0,4136,4289,0.964,OK
GILD,4136,2010-01-04,2026-06-12,0,0,False,0,0,0,4136,4289,0.964,OK
BLK,4136,2010-01-04,2026-06-12,0,0,False,0,0,0,4136,4289,0.964,OK
WELL,4136,2010-01-04,2026-06-12,0,0,False,0,0,0,4136,4289,0.964,OK
ABT,4136,2010-01-04,2026-06-12,0,0,False,0,0,0,4136,4289,0.964,OK
UBER,1783,2019-05-10,2026-06-12,0,0,False,0,0,0,1783,1850,0.964,OK
DE,4136,2010-01-04,2026-06-12,0,0,False,0,0,0,4136,4289,0.964,OK
GLW,4136,2010-01-04,2026-06-12,0,0,False,0,0,0,4136,4289,0.964,OK
ETN,4136,2010-01-04,2026-06-12,0,0,False,0,0,0,4136,4289,0.964,OK
APP,1297,2021-04-15,2026-06-12,0,0,False,0,0,0,1297,1346,0.964,OK
BX,4136,2010-01-04,2026-06-12,0,0,False,0,0,0,4136,4289,0.964,OK
T,4136,2010-01-04,2026-06-12,0,0,False,0,0,0,4136,4289,0.964,OK
CRM,4136,2010-01-04,2026-06-12,0,0,False,0,0,0,4136,4289,0.964,OK
CB,4136,2010-01-04,2026-06-12,0,0,False,0,0,0,4136,4289,0.964,OK
ISRG,4136,2010-01-04,2026-06-12,0,0,False,0,0,0,4136,4289,0.964,OK
DHR,4136,2010-01-04,2026-06-12,0,0,False,0,0,1,4136,4289,0.964,OK
PFE,4136,2010-01-04,2026-06-12,0,0,False,0,0,0,4136,4289,0.964,OK
COP,4136,2010-01-04,2026-06-12,0,0,False,0,0,0,4136,4289,0.964,OK
PGR,4136,2010-01-04,2026-06-12,0,0,False,0,0,0,4136,4289,0.964,OK
PLD,4136,2010-01-04,2026-06-12,0,0,False,0,0,0,4136,4289,0.964,OK
CVS,4136,2010-01-04,2026-06-12,0,0,False,0,0,0,4136,4289,0.964,OK
BKNG,4136,2010-01-04,2026-06-12,0,0,False,0,0,0,4136,4289,0.964,OK
SYK,4136,2010-01-04,2026-06-12,0,0,False,0,0,0,4136,4289,0.964,OK
COF,4136,2010-01-04,2026-06-12,0,0,False,0,0,0,4136,4289,0.964,OK
SPGI,4136,2010-01-04,2026-06-12,0,0,False,0,0,0,4136,4289,0.964,OK
SBUX,4136,2010-01-04,2026-06-12,0,0,False,0,0,0,4136,4289,0.964,OK
VRT,1976,2018-08-02,2026-06-12,0,0,False,0,0,0,1976,2051,0.963,OK
VRTX,4136,2010-01-04,2026-06-12,0,0,False,0,0,2,4136,4289,0.964,OK
BMY,4136,2010-01-04,2026-06-12,0,0,False,0,0,0,4136,4289,0.964,OK
PH,4136,2010-01-04,2026-06-12,0,0,False,0,0,0,4136,4289,0.964,OK
MO,4136,2010-01-04,2026-06-12,0,0,False,0,0,0,4136,4289,0.964,OK
LMT,4136,2010-01-04,2026-06-12,0,0,False,0,0,0,4136,4289,0.964,OK
FTNT,4136,2010-01-04,2026-06-12,0,0,False,0,0,0,4136,4289,0.964,OK
LOW,4136,2010-01-04,2026-06-12,0,0,False,0,0,0,4136,4289,0.964,OK
NOW,3508,2012-06-29,2026-06-12,0,0,False,0,0,0,3508,3640,0.964,OK
SO,4136,2010-01-04,2026-06-12,0,0,False,0,0,0,4136,4289,0.964,OK
HWM,2416,2016-11-01,2026-06-12,0,0,False,0,0,0,2416,2508,0.963,OK
CDNS,4136,2010-01-04,2026-06-12,0,0,False,0,0,0,4136,4289,0.964,OK
BNY,4136,2010-01-04,2026-06-12,0,0,False,0,0,0,4136,4289,0.964,OK
TT,4136,2010-01-04,2026-06-12,0,0,False,0,0,0,4136,4289,0.964,OK
EQIX,4136,2010-01-04,2026-06-12,0,0,False,0,0,0,4136,4289,0.964,OK
PNC,4136,2010-01-04,2026-06-12,0,0,False,0,0,0,4136,4289,0.964,OK
MDT,4136,2010-01-04,2026-06-12,0,0,False,0,0,0,4136,4289,0.964,OK
GD,4136,2010-01-04,2026-06-12,0,0,False,0,0,0,4136,4289,0.964,OK
ADP,4136,2010-01-04,2026-06-12,0,0,False,0,0,0,4136,4289,0.964,OK
NEM,4136,2010-01-04,2026-06-12,0,0,False,0,0,0,4136,4289,0.964,OK
HOOD,1224,2021-07-29,2026-06-12,0,0,False,0,0,1,1224,1271,0.963,OK
DUK,4136,2010-01-04,2026-06-12,0,0,False,0,0,0,4136,4289,0.964,OK
USB,4136,2010-01-04,2026-06-12,0,0,False,0,0,0,4136,4289,0.964,OK
PWR,4136,2010-01-04,2026-06-12,0,0,False,0,0,0,4136,4289,0.964,OK
MCK,4136,2010-01-04,2026-06-12,0,0,False,0,0,0,4136,4289,0.964,OK
UPS,4136,2010-01-04,2026-06-12,0,0,False,0,0,0,4136,4289,0.964,OK
MAR,4136,2010-01-04,2026-06-12,0,0,False,0,0,0,4136,4289,0.964,OK
DDOG,1692,2019-09-19,2026-06-12,0,0,False,0,0,0,1692,1756,0.964,OK
WM,4136,2010-01-04,2026-06-12,0,0,False,0,0,0,4136,4289,0.964,OK
MNST,4136,2010-01-04,2026-06-12,0,0,False,0,0,0,4136,4289,0.964,OK
ELV,4136,2010-01-04,2026-06-12,0,0,False,0,0,0,4136,4289,0.964,OK
CSX,4136,2010-01-04,2026-06-12,0,0,False,0,0,0,4136,4289,0.964,OK
CEG,1104,2022-01-19,2026-06-12,0,0,False,0,0,0,1104,1147,0.963,OK
ADBE,4136,2010-01-04,2026-06-12,0,0,False,0,0,0,4136,4289,0.964,OK
WMB,4136,2010-01-04,2026-06-12,0,0,False,0,0,0,4136,4289,0.964,OK
CMI,4136,2010-01-04,2026-06-12,0,0,False,0,0,0,4136,4289,0.964,OK
VLO,4136,2010-01-04,2026-06-12,0,0,False,0,0,0,4136,4289,0.964,OK
JCI,4136,2010-01-04,2026-06-12,0,0,False,0,0,0,4136,4289,0.964,OK
CME,4136,2010-01-04,2026-06-12,0,0,False,0,0,0,4136,4289,0.964,OK
KKR,4003,2010-07-15,2026-06-12,0,0,False,0,0,0,4003,4151,0.964,OK
MRSH,4136,2010-01-04,2026-06-12,0,0,False,0,0,0,4136,4289,0.964,OK
ABNB,1382,2020-12-10,2026-06-12,0,0,False,0,0,0,1382,1436,0.962,OK
MPC,3764,2011-06-24,2026-06-12,0,0,False,0,0,0,3764,3905,0.964,OK
HCA,3838,2011-03-10,2026-06-12,0,0,False,0,0,0,3838,3981,0.964,OK
DASH,1383,2020-12-09,2026-06-12,0,0,False,0,0,0,1383,1437,0.962,OK
MCO,4136,2010-01-04,2026-06-12,0,0,False,0,0,0,4136,4289,0.964,OK
SNPS,4136,2010-01-04,2026-06-12,0,0,False,0,0,0,4136,4289,0.964,OK
ACN,4136,2010-01-04,2026-06-12,0,0,False,0,0,0,4136,4289,0.964,OK
FCX,4136,2010-01-04,2026-06-12,0,0,False,0,0,0,4136,4289,0.964,OK
CMCSA,4136,2010-01-04,2026-06-12,0,0,False,0,0,0,4136,4289,0.964,OK
SHW,4136,2010-01-04,2026-06-12,0,0,False,0,0,0,4136,4289,0.964,OK
MMM,4136,2010-01-04,2026-06-12,0,0,False,0,0,0,4136,4289,0.964,OK
PSX,3563,2012-04-12,2026-06-12,0,0,False,0,0,0,3563,3696,0.964,OK
CI,4136,2010-01-04,2026-06-12,0,0,False,0,0,0,4136,4289,0.964,OK
AMT,4136,2010-01-04,2026-06-12,0,0,False,0,0,0,4136,4289,0.964,OK
INTU,4136,2010-01-04,2026-06-12,0,0,False,0,0,0,4136,4289,0.964,OK
AON,4136,2010-01-04,2026-06-12,0,0,False,0,0,0,4136,4289,0.964,OK
ITW,4136,2010-01-04,2026-06-12,0,0,False,0,0,0,4136,4289,0.964,OK
ICE,4136,2010-01-04,2026-06-12,0,0,False,0,0,0,4136,4289,0.964,OK
RCL,4136,2010-01-04,2026-06-12,0,0,False,0,0,0,4136,4289,0.964,OK
NOC,4136,2010-01-04,2026-06-12,0,0,False,0,0,0,4136,4289,0.964,OK
MDLZ,4136,2010-01-04,2026-06-12,0,0,False,0,0,0,4136,4289,0.964,OK
EMR,4136,2010-01-04,2026-06-12,0,0,False,0,0,0,4136,4289,0.964,OK
ECL,4136,2010-01-04,2026-06-12,0,0,False,0,0,0,4136,4289,0.964,OK
CL,4136,2010-01-04,2026-06-12,0,0,False,0,0,0,4136,4289,0.964,OK
FDX,4136,2010-01-04,2026-06-12,0,0,False,0,0,0,4136,4289,0.964,OK
EOG,4136,2010-01-04,2026-06-12,0,0,False,0,0,0,4136,4289,0.964,OK
AEP,4136,2010-01-04,2026-06-12,0,0,False,0,0,0,4136,4289,0.964,OK
NSC,4136,2010-01-04,2026-06-12,0,0,False,0,0,0,4136,4289,0.964,OK
CTAS,4136,2010-01-04,2026-06-12,0,0,False,0,0,0,4136,4289,0.964,OK
HLT,3143,2013-12-12,2026-06-12,0,0,False,0,0,0,3143,3261,0.964,OK
ORLY,4136,2010-01-04,2026-06-12,0,0,False,0,0,0,4136,4289,0.964,OK
TRV,4136,2010-01-04,2026-06-12,0,0,False,0,0,0,4136,4289,0.964,OK
KMI,3856,2011-02-11,2026-06-12,0,0,False,0,0,0,3856,4000,0.964,OK
SPG,4136,2010-01-04,2026-06-12,0,0,False,0,0,0,4136,4289,0.964,OK
SLB,4136,2010-01-04,2026-06-12,0,0,False,0,0,0,4136,4289,0.964,OK
HON,4136,2010-01-04,2026-06-12,0,0,False,0,0,0,4136,4289,0.964,OK
NXPI,3987,2010-08-06,2026-06-12,0,0,False,0,0,0,3987,4135,0.964,OK
REGN,4136,2010-01-04,2026-06-12,0,0,False,0,0,0,4136,4289,0.964,OK
TDG,4136,2010-01-04,2026-06-12,0,0,False,0,0,0,4136,4289,0.964,OK
ROST,4136,2010-01-04,2026-06-12,0,0,False,0,0,0,4136,4289,0.964,OK
RSG,4136,2010-01-04,2026-06-12,0,0,False,0,0,0,4136,4289,0.964,OK
MSI,4136,2010-01-04,2026-06-12,0,0,False,0,0,0,4136,4289,0.964,OK
CRH,4136,2010-01-04,2026-06-12,0,0,False,0,0,0,4136,4289,0.964,OK
GM,3914,2010-11-18,2026-06-12,0,0,False,0,0,0,3914,4061,0.964,OK
URI,4136,2010-01-04,2026-06-12,0,0,False,0,0,0,4136,4289,0.964,OK
APO,3824,2011-03-30,2026-06-12,0,0,False,0,0,0,3824,3967,0.964,OK
BSX,4136,2010-01-04,2026-06-12,0,0,False,0,0,0,4136,4289,0.964,OK
APD,4136,2010-01-04,2026-06-12,0,0,False,0,0,0,4136,4289,0.964,OK
WBD,4136,2010-01-04,2026-06-12,0,0,False,0,0,0,4136,4289,0.964,OK
ALL,4136,2010-01-04,2026-06-12,0,0,False,0,0,0,4136,4289,0.964,OK
AJG,4136,2010-01-04,2026-06-12,0,0,False,0,0,0,4136,4289,0.964,OK
CIEN,4136,2010-01-04,2026-06-12,0,0,False,0,0,0,4136,4289,0.964,OK
GWW,4136,2010-01-04,2026-06-12,0,0,False,0,0,0,4136,4289,0.964,OK
NKE,4136,2010-01-04,2026-06-12,0,0,False,0,0,0,4136,4289,0.964,OK
DLR,4136,2010-01-04,2026-06-12,0,0,False,0,0,0,4136,4289,0.964,OK
TFC,4136,2010-01-04,2026-06-12,0,0,False,0,0,0,4136,4289,0.964,OK
MPWR,4136,2010-01-04,2026-06-12,0,0,False,0,0,0,4136,4289,0.964,OK
PCAR,4136,2010-01-04,2026-06-12,0,0,False,0,0,0,4136,4289,0.964,OK
AFL,4136,2010-01-04,2026-06-12,0,0,False,0,0,0,4136,4289,0.964,OK
D,4136,2010-01-04,2026-06-12,0,0,False,0,0,0,4136,4289,0.964,OK
HPE,2678,2015-10-19,2026-06-12,0,0,False,0,0,0,2678,2779,0.964,OK
TRGP,3902,2010-12-07,2026-06-12,0,0,False,0,0,1,3902,4048,0.964,OK
SRE,4136,2010-01-04,2026-06-12,0,0,False,0,0,0,4136,4289,0.964,OK
COHR,4136,2010-01-04,2026-06-12,0,0,False,0,0,0,4136,4289,0.964,OK
FIX,4136,2010-01-04,2026-06-12,0,0,False,0,0,0,4136,4289,0.964,OK
MET,4136,2010-01-04,2026-06-12,0,0,False,0,0,0,4136,4289,0.964,OK
TGT,4136,2010-01-04,2026-06-12,0,0,False,0,0,0,4136,4289,0.964,OK
O,4136,2010-01-04,2026-06-12,0,0,False,0,0,0,4136,4289,0.964,OK
CARR,1567,2020-03-19,2026-06-12,0,0,False,0,0,0,1567,1626,0.964,OK
LITE,2739,2015-07-23,2026-06-12,0,0,False,0,0,0,2739,2841,0.964,OK
CTVA,1773,2019-05-24,2026-06-12,0,0,False,0,0,0,1773,1840,0.964,OK
COR,4136,2010-01-04,2026-06-12,0,0,False,0,0,0,4136,4289,0.964,OK
BKR,4136,2010-01-04,2026-06-12,0,0,False,0,0,0,4136,4289,0.964,OK
TEL,4136,2010-01-04,2026-06-12,0,0,False,0,0,0,4136,4289,0.964,OK
OKE,4136,2010-01-04,2026-06-12,0,0,False,0,0,0,4136,4289,0.964,OK
PSA,4136,2010-01-04,2026-06-12,0,0,False,0,0,0,4136,4289,0.964,OK
DAL,4136,2010-01-04,2026-06-12,0,0,False,0,0,0,4136,4289,0.964,OK
CAH,4136,2010-01-04,2026-06-12,0,0,False,0,0,0,4136,4289,0.964,OK
FANG,3435,2012-10-12,2026-06-12,0,0,False,0,0,0,3435,3565,0.964,OK
KEYS,2929,2014-10-20,2026-06-12,0,0,False,0,0,0,2929,3039,0.964,OK
F,4136,2010-01-04,2026-06-12,0,0,False,0,0,0,4136,4289,0.964,OK
OXY,4136,2010-01-04,2026-06-12,0,0,False,0,0,1,4136,4289,0.964,OK
FAST,4136,2010-01-04,2026-06-12,0,0,False,0,0,0,4136,4289,0.964,OK
LHX,4136,2010-01-04,2026-06-12,0,0,False,0,0,0,4136,4289,0.964,OK
TER,4136,2010-01-04,2026-06-12,0,0,False,0,0,0,4136,4289,0.964,OK
VST,2435,2016-10-05,2026-06-12,0,0,False,0,0,0,2435,2527,0.964,OK
ETR,4136,2010-01-04,2026-06-12,0,0,False,0,0,0,4136,4289,0.964,OK
EW,4136,2010-01-04,2026-06-12,0,0,False,0,0,0,4136,4289,0.964,OK
NUE,4136,2010-01-04,2026-06-12,0,0,False,0,0,0,4136,4289,0.964,OK
FITB,4136,2010-01-04,2026-06-12,0,0,False,0,0,0,4136,4289,0.964,OK
AME,4136,2010-01-04,2026-06-12,0,0,False,0,0,0,4136,4289,0.964,OK
EBAY,4136,2010-01-04,2026-06-12,0,0,False,0,0,0,4136,4289,0.964,OK
ROK,4136,2010-01-04,2026-06-12,0,0,False,0,0,0,4136,4289,0.964,OK
AZO,4136,2010-01-04,2026-06-12,0,0,False,0,0,0,4136,4289,0.964,OK
STT,4136,2010-01-04,2026-06-12,0,0,False,0,0,0,4136,4289,0.964,OK
HUM,4136,2010-01-04,2026-06-12,0,0,False,0,0,0,4136,4289,0.964,OK
DVN,4136,2010-01-04,2026-06-12,0,0,False,0,0,0,4136,4289,0.964,OK
XEL,4136,2010-01-04,2026-06-12,0,0,False,0,0,0,4136,4289,0.964,OK
NDAQ,4136,2010-01-04,2026-06-12,0,0,False,0,0,0,4136,4289,0.964,OK
FLEX,4136,2010-01-04,2026-06-12,0,0,False,0,0,0,4136,4289,0.964,OK
CVNA,2294,2017-04-28,2026-06-12,0,0,False,0,0,1,2294,2380,0.964,OK
XYZ,2655,2015-11-19,2026-06-12,0,0,False,0,0,0,2655,2756,0.963,OK
EXC,4136,2010-01-04,2026-06-12,0,0,False,0,0,0,4136,4289,0.964,OK
CMG,4136,2010-01-04,2026-06-12,0,0,False,0,0,0,4136,4289,0.964,OK
GRMN,4136,2010-01-04,2026-06-12,0,0,False,0,0,0,4136,4289,0.964,OK
AMP,4136,2010-01-04,2026-06-12,0,0,False,0,0,0,4136,4289,0.964,OK
ODFL,4136,2010-01-04,2026-06-12,0,0,False,0,0,0,4136,4289,0.964,OK
MCHP,4136,2010-01-04,2026-06-12,0,0,False,0,0,0,4136,4289,0.964,OK
TTWO,4136,2010-01-04,2026-06-12,0,0,False,0,0,0,4136,4289,0.964,OK
MSCI,4136,2010-01-04,2026-06-12,0,0,False,0,0,0,4136,4289,0.964,OK
ADSK,4136,2010-01-04,2026-06-12,0,0,False,0,0,0,4136,4289,0.964,OK
IDXX,4136,2010-01-04,2026-06-12,0,0,False,0,0,0,4136,4289,0.964,OK
YUM,4136,2010-01-04,2026-06-12,0,0,False,0,0,0,4136,4289,0.964,OK
AXON,4136,2010-01-04,2026-06-12,0,0,False,0,0,0,4136,4289,0.964,OK
VTR,4136,2010-01-04,2026-06-12,0,0,False,0,0,0,4136,4289,0.964,OK
LYV,4136,2010-01-04,2026-06-12,0,0,False,0,0,0,4136,4289,0.964,OK
WAB,4136,2010-01-04,2026-06-12,0,0,False,0,0,0,4136,4289,0.964,OK
KDP,4136,2010-01-04,2026-06-12,0,0,False,0,0,0,4136,4289,0.964,OK
COIN,1298,2021-04-14,2026-06-12,0,0,False,0,0,0,1298,1347,0.964,OK
AIG,4136,2010-01-04,2026-06-12,0,0,False,0,0,0,4136,4289,0.964,OK
PYPL,2752,2015-07-06,2026-06-12,0,0,False,0,0,0,2752,2854,0.964,OK
DHI,4136,2010-01-04,2026-06-12,0,0,False,0,0,0,4136,4289,0.964,OK
BDX,4136,2010-01-04,2026-06-12,0,0,False,0,0,0,4136,4289,0.964,OK
CBRE,4136,2010-01-04,2026-06-12,0,0,False,0,0,0,4136,4289,0.964,OK
ED,4136,2010-01-04,2026-06-12,0,0,False,0,0,0,4136,4289,0.964,OK
IBKR,4136,2010-01-04,2026-06-12,0,0,False,0,0,0,4136,4289,0.964,OK
PRU,4136,2010-01-04,2026-06-12,0,0,False,0,0,0,4136,4289,0.964,OK
ADM,4136,2010-01-04,2026-06-12,0,0,False,0,0,0,4136,4289,0.964,OK
SYY,4136,2010-01-04,2026-06-12,0,0,False,0,0,0,4136,4289,0.964,OK
UAL,4136,2010-01-04,2026-06-12,0,0,False,0,0,0,4136,4289,0.964,OK
PEG,4136,2010-01-04,2026-06-12,0,0,False,0,0,0,4136,4289,0.964,OK
PAYX,4136,2010-01-04,2026-06-12,0,0,False,0,0,0,4136,4289,0.964,OK
PCG,4136,2010-01-04,2026-06-12,0,0,False,0,0,2,4136,4289,0.964,OK
VMC,4136,2010-01-04,2026-06-12,0,0,False,0,0,0,4136,4289,0.964,OK
HIG,4136,2010-01-04,2026-06-12,0,0,False,0,0,0,4136,4289,0.964,OK
A,4136,2010-01-04,2026-06-12,0,0,False,0,0,0,4136,4289,0.964,OK
KVUE,780,2023-05-04,2026-06-12,0,0,False,0,0,0,780,811,0.962,OK
WAT,4136,2010-01-04,2026-06-12,0,0,False,0,0,0,4136,4289,0.964,OK
WEC,4136,2010-01-04,2026-06-12,0,0,False,0,0,0,4136,4289,0.964,OK
KMB,4136,2010-01-04,2026-06-12,0,0,False,0,0,0,4136,4289,0.964,OK
CCL,4136,2010-01-04,2026-06-12,0,0,False,0,0,0,4136,4289,0.964,OK
IRM,4136,2010-01-04,2026-06-12,0,0,False,0,0,0,4136,4289,0.964,OK
HBAN,4136,2010-01-04,2026-06-12,0,0,False,0,0,0,4136,4289,0.964,OK
ROP,4136,2010-01-04,2026-06-12,0,0,False,0,0,0,4136,4289,0.964,OK
KR,4136,2010-01-04,2026-06-12,0,0,False,0,0,0,4136,4289,0.964,OK
WDAY,3435,2012-10-12,2026-06-12,0,0,False,0,0,0,3435,3565,0.964,OK
ACGL,4136,2010-01-04,2026-06-12,0,0,False,0,0,0,4136,4289,0.964,OK
MTB,4136,2010-01-04,2026-06-12,0,0,False,0,0,0,4136,4289,0.964,OK
HSY,4136,2010-01-04,2026-06-12,0,0,False,0,0,0,4136,4289,0.964,OK
IQV,3294,2013-05-09,2026-06-12,0,0,False,0,0,0,3294,3416,0.964,OK
ON,4136,2010-01-04,2026-06-12,0,0,False,0,0,0,4136,4289,0.964,OK
NTRS,4136,2010-01-04,2026-06-12,0,0,False,0,0,0,4136,4289,0.964,OK
MLM,4136,2010-01-04,2026-06-12,0,0,False,0,0,0,4136,4289,0.964,OK
CCI,4136,2010-01-04,2026-06-12,0,0,False,0,0,0,4136,4289,0.964,OK
EME,4136,2010-01-04,2026-06-12,0,0,False,0,0,0,4136,4289,0.964,OK
CNC,4136,2010-01-04,2026-06-12,0,0,False,0,0,0,4136,4289,0.964,OK
JBL,4136,2010-01-04,2026-06-12,0,0,False,0,0,0,4136,4289,0.964,OK
RJF,4136,2010-01-04,2026-06-12,0,0,False,0,0,0,4136,4289,0.964,OK
NTAP,4136,2010-01-04,2026-06-12,0,0,False,0,0,0,4136,4289,0.964,OK
STLD,4136,2010-01-04,2026-06-12,0,0,False,0,0,0,4136,4289,0.964,OK
EXPE,4136,2010-01-04,2026-06-12,0,0,False,0,0,0,4136,4289,0.964,OK
VEEV,3183,2013-10-16,2026-06-12,0,0,False,0,0,0,3183,3302,0.964,OK
CASY,4136,2010-01-04,2026-06-12,0,0,False,0,0,0,4136,4289,0.964,OK
ZTS,3361,2013-02-01,2026-06-12,0,0,False,0,0,0,3361,3485,0.964,OK
AEE,4136,2010-01-04,2026-06-12,0,0,False,0,0,0,4136,4289,0.964,OK
BIIB,4136,2010-01-04,2026-06-12,0,0,False,0,0,0,4136,4289,0.964,OK
IR,2284,2017-05-12,2026-06-12,0,0,False,0,0,0,2284,2370,0.964,OK
EXR,4136,2010-01-04,2026-06-12,0,0,False,0,0,0,4136,4289,0.964,OK
EQT,4136,2010-01-04,2026-06-12,0,0,False,0,0,0,4136,4289,0.964,OK
LVS,4136,2010-01-04,2026-06-12,0,0,False,0,0,0,4136,4289,0.964,OK
ATO,4136,2010-01-04,2026-06-12,0,0,False,0,0,0,4136,4289,0.964,OK
DTE,4136,2010-01-04,2026-06-12,0,0,False,0,0,0,4136,4289,0.964,OK
KHC,2752,2015-07-06,2026-06-12,0,0,False,0,0,0,2752,2854,0.964,OK
GEHC,875,2022-12-15,2026-06-12,0,0,False,0,0,0,875,911,0.96,OK
CFG,2947,2014-09-24,2026-06-12,0,0,False,0,0,0,2947,3057,0.964,OK
Q,158,2025-10-27,2026-06-12,0,0,False,0,0,0,158,164,0.963,OK
FICO,4136,2010-01-04,2026-06-12,0,0,False,0,0,0,4136,4289,0.964,OK
DXCM,4136,2010-01-04,2026-06-12,0,0,False,0,0,0,4136,4289,0.964,OK
NRG,4136,2010-01-04,2026-06-12,0,0,False,0,0,0,4136,4289,0.964,OK
HAL,4136,2010-01-04,2026-06-12,0,0,False,0,0,0,4136,4289,0.964,OK
VICI,2123,2018-01-02,2026-06-12,0,0,False,0,0,0,2123,2203,0.964,OK
EIX,4136,2010-01-04,2026-06-12,0,0,False,0,0,0,4136,4289,0.964,OK
EL,4136,2010-01-04,2026-06-12,0,0,False,0,0,0,4136,4289,0.964,OK
TDY,4136,2010-01-04,2026-06-12,0,0,False,0,0,0,4136,4289,0.964,OK
CBOE,4024,2010-06-15,2026-06-12,0,0,False,0,0,0,4024,4173,0.964,OK
DOV,4136,2010-01-04,2026-06-12,0,0,False,0,0,0,4136,4289,0.964,OK
CNP,4136,2010-01-04,2026-06-12,0,0,False,0,0,0,4136,4289,0.964,OK
XYL,3687,2011-10-13,2026-06-12,0,0,False,0,0,0,3687,3826,0.964,OK
OTIS,1567,2020-03-19,2026-06-12,0,0,False,0,0,0,1567,1626,0.964,OK
RMD,4136,2010-01-04,2026-06-12,0,0,False,0,0,0,4136,4289,0.964,OK
CINF,4136,2010-01-04,2026-06-12,0,0,False,0,0,0,4136,4289,0.964,OK
ES,4136,2010-01-04,2026-06-12,0,0,False,0,0,0,4136,4289,0.964,OK
TPL,4136,2010-01-04,2026-06-12,0,0,False,0,0,0,4136,4289,0.964,OK
FE,4136,2010-01-04,2026-06-12,0,0,False,0,0,0,4136,4289,0.964,OK
ARES,3047,2014-05-02,2026-06-12,0,0,False,0,0,0,3047,3160,0.964,OK
FISV,4135,2010-01-04,2026-06-12,0,0,False,0,0,0,4135,4289,0.964,OK
WTW,4136,2010-01-04,2026-06-12,0,0,False,0,0,0,4136,4289,0.964,OK
TPR,4136,2010-01-04,2026-06-12,0,0,False,0,0,0,4136,4289,0.964,OK
DG,4136,2010-01-04,2026-06-12,0,0,False,0,0,0,4136,4289,0.964,OK
WRB,4136,2010-01-04,2026-06-12,0,0,False,0,0,0,4136,4289,0.964,OK
PPL,4136,2010-01-04,2026-06-12,0,0,False,0,0,0,4136,4289,0.964,OK
JBHT,4136,2010-01-04,2026-06-12,0,0,False,0,0,0,4136,4289,0.964,OK
MRNA,1888,2018-12-07,2026-06-12,0,0,False,0,0,0,1888,1960,0.963,OK
MTD,4136,2010-01-04,2026-06-12,0,0,False,0,0,0,4136,4289,0.964,OK
RF,4136,2010-01-04,2026-06-12,0,0,False,0,0,0,4136,4289,0.964,OK
AWK,4136,2010-01-04,2026-06-12,0,0,False,0,0,0,4136,4289,0.964,OK
WSM,4136,2010-01-04,2026-06-12,0,0,False,0,0,0,4136,4289,0.964,OK
CPRT,4136,2010-01-04,2026-06-12,0,0,False,0,0,0,4136,4289,0.964,OK
PPG,4136,2010-01-04,2026-06-12,0,0,False,0,0,0,4136,4289,0.964,OK
KEY,4136,2010-01-04,2026-06-12,0,0,False,0,0,0,4136,4289,0.964,OK
SYF,2985,2014-07-31,2026-06-12,0,0,False,0,0,0,2985,3096,0.964,OK
HUBB,4136,2010-01-04,2026-06-12,0,0,False,1,0,0,4136,4289,0.964,ISSUES_FOUND
WST,4136,2010-01-04,2026-06-12,0,0,False,0,0,0,4136,4289,0.964,OK
VRSK,4136,2010-01-04,2026-06-12,0,0,False,0,0,0,4136,4289,0.964,OK
VRSN,4136,2010-01-04,2026-06-12,0,0,False,0,0,0,4136,4289,0.964,OK
PFG,4136,2010-01-04,2026-06-12,0,0,False,0,0,0,4136,4289,0.964,OK
DLTR,4136,2010-01-04,2026-06-12,0,0,False,0,0,0,4136,4289,0.964,OK
FFIV,4136,2010-01-04,2026-06-12,0,0,False,0,0,0,4136,4289,0.964,OK
FSLR,4136,2010-01-04,2026-06-12,0,0,False,0,0,0,4136,4289,0.964,OK
CPAY,3896,2010-12-15,2026-06-12,0,0,False,0,0,0,3896,4042,0.964,OK
L,4136,2010-01-04,2026-06-12,0,0,False,0,0,0,4136,4289,0.964,OK
OMC,4136,2010-01-04,2026-06-12,0,0,False,0,0,0,4136,4289,0.964,OK
TROW,4136,2010-01-04,2026-06-12,0,0,False,0,0,0,4136,4289,0.964,OK
PHM,4136,2010-01-04,2026-06-12,0,0,False,0,0,0,4136,4289,0.964,OK
BRO,4136,2010-01-04,2026-06-12,0,0,False,0,0,0,4136,4289,0.964,OK
LUV,4136,2010-01-04,2026-06-12,0,0,False,0,0,0,4136,4289,0.964,OK
CMS,4136,2010-01-04,2026-06-12,0,0,False,0,0,0,4136,4289,0.964,OK
CHRW,4136,2010-01-04,2026-06-12,0,0,False,0,0,0,4136,4289,0.964,OK
CHD,4136,2010-01-04,2026-06-12,0,0,False,0,0,0,4136,4289,0.964,OK
VLTO,675,2023-10-04,2026-06-12,0,0,False,0,0,0,675,702,0.962,OK
STZ,4136,2010-01-04,2026-06-12,0,0,False,0,0,0,4136,4289,0.964,OK
INCY,4136,2010-01-04,2026-06-12,0,0,False,0,0,0,4136,4289,0.964,OK
DGX,4136,2010-01-04,2026-06-12,0,0,False,0,0,0,4136,4289,0.964,OK
EXPD,4136,2010-01-04,2026-06-12,0,0,False,0,0,0,4136,4289,0.964,OK
BG,4136,2010-01-04,2026-06-12,0,0,False,0,0,0,4136,4289,0.964,OK
FDXF,13,2026-05-27,2026-06-12,0,0,False,0,0,0,13,12,1.083,OK
SW,4136,2010-01-04,2026-06-12,0,0,False,0,0,0,4136,4289,0.964,OK
LH,4136,2010-01-04,2026-06-12,0,0,False,0,0,0,4136,4289,0.964,OK
DOW,1819,2019-03-20,2026-06-12,0,0,False,0,0,0,1819,1887,0.964,OK
RL,4136,2010-01-04,2026-06-12,0,0,False,0,0,0,4136,4289,0.964,OK
HPQ,4136,2010-01-04,2026-06-12,0,0,False,0,0,0,4136,4289,0.964,OK
NI,4136,2010-01-04,2026-06-12,0,0,False,0,0,0,4136,4289,0.964,OK
DRI,4136,2010-01-04,2026-06-12,0,0,False,0,0,0,4136,4289,0.964,OK
ROL,4136,2010-01-04,2026-06-12,0,0,False,0,0,0,4136,4289,0.964,OK
FIS,4136,2010-01-04,2026-06-12,0,0,False,0,0,0,4136,4289,0.964,OK
EXE,1341,2021-02-10,2026-06-12,0,0,False,0,0,0,1341,1392,0.963,OK
GPN,4136,2010-01-04,2026-06-12,0,0,False,0,0,0,4136,4289,0.964,OK
EFX,4136,2010-01-04,2026-06-12,0,0,False,0,0,0,4136,4289,0.964,OK
STE,4136,2010-01-04,2026-06-12,0,0,False,0,0,0,4136,4289,0.964,OK
SNA,4136,2010-01-04,2026-06-12,0,0,False,0,0,0,4136,4289,0.964,OK
CTSH,4136,2010-01-04,2026-06-12,0,0,False,0,0,0,4136,4289,0.964,OK
TSN,4136,2010-01-04,2026-06-12,0,0,False,0,0,0,4136,4289,0.964,OK
ULTA,4136,2010-01-04,2026-06-12,0,0,False,0,0,0,4136,4289,0.964,OK
PKG,4136,2010-01-04,2026-06-12,0,0,False,0,0,0,4136,4289,0.964,OK
LEN,4136,2010-01-04,2026-06-12,0,0,False,0,0,0,4136,4289,0.964,OK
EVRG,4136,2010-01-04,2026-06-12,0,0,False,0,0,0,4136,4289,0.964,OK
AMCR,3540,2012-05-15,2026-06-12,0,0,False,0,0,0,3540,3673,0.964,OK
LNT,4136,2010-01-04,2026-06-12,0,0,False,0,0,0,4136,4289,0.964,OK
SBAC,4136,2010-01-04,2026-06-12,0,0,False,0,0,0,4136,4289,0.964,OK
LII,4136,2010-01-04,2026-06-12,0,0,False,0,0,0,4136,4289,0.964,OK
IP,4136,2010-01-04,2026-06-12,0,0,False,0,0,0,4136,4289,0.964,OK
GIS,4136,2010-01-04,2026-06-12,0,0,False,0,0,0,4136,4289,0.964,OK
FTV,2500,2016-07-05,2026-06-12,0,0,False,0,0,0,2500,2593,0.964,OK
IFF,4136,2010-01-04,2026-06-12,0,0,False,0,0,0,4136,4289,0.964,OK
VTRS,4136,2010-01-04,2026-06-12,0,0,False,0,0,0,4136,4289,0.964,OK
ESS,4136,2010-01-04,2026-06-12,0,0,False,0,0,0,4136,4289,0.964,OK
LYB,4057,2010-04-28,2026-06-12,0,0,False,0,0,0,4057,4207,0.964,OK
CF,4136,2010-01-04,2026-06-12,0,0,False,0,0,0,4136,4289,0.964,OK
AKAM,4136,2010-01-04,2026-06-12,0,0,False,0,0,0,4136,4289,0.964,OK
CDW,3260,2013-06-27,2026-06-12,0,0,False,0,0,0,3260,3381,0.964,OK
ZBH,4136,2010-01-04,2026-06-12,0,0,False,0,0,0,4136,4289,0.964,OK
INVH,2354,2017-02-01,2026-06-12,0,0,False,0,0,0,2354,2442,0.964,OK
BR,4136,2010-01-04,2026-06-12,0,0,False,0,0,0,4136,4289,0.964,OK
NVR,4136,2010-01-04,2026-06-12,0,0,False,0,0,0,4136,4289,0.964,OK
DD,4136,2010-01-04,2026-06-12,0,0,False,0,0,0,4136,4289,0.964,OK
SMCI,4136,2010-01-04,2026-06-12,0,0,False,0,0,0,4136,4289,0.964,OK
BBY,4136,2010-01-04,2026-06-12,0,0,False,0,0,0,4136,4289,0.964,OK
KIM,4136,2010-01-04,2026-06-12,0,0,False,0,0,0,4136,4289,0.964,OK
GPC,4136,2010-01-04,2026-06-12,0,0,False,0,0,0,4136,4289,0.964,OK
BEN,4136,2010-01-04,2026-06-12,0,0,False,0,0,0,4136,4289,0.964,OK
CHTR,4135,2010-01-05,2026-06-12,0,0,False,0,0,0,4135,4288,0.964,OK
IEX,4136,2010-01-04,2026-06-12,0,0,False,0,0,0,4136,4289,0.964,OK
WY,4136,2010-01-04,2026-06-12,0,0,False,0,0,0,4136,4289,0.964,OK
NDSN,4136,2010-01-04,2026-06-12,0,0,False,0,0,0,4136,4289,0.964,OK
BALL,4136,2010-01-04,2026-06-12,0,0,False,0,0,0,4136,4289,0.964,OK
DVA,4136,2010-01-04,2026-06-12,0,0,False,0,0,0,4136,4289,0.964,OK
MAA,4136,2010-01-04,2026-06-12,0,0,False,0,0,0,4136,4289,0.964,OK
HST,4136,2010-01-04,2026-06-12,0,0,False,0,0,0,4136,4289,0.964,OK
GEN,4136,2010-01-04,2026-06-12,0,0,False,0,0,0,4136,4289,0.964,OK
TSCO,4136,2010-01-04,2026-06-12,0,0,False,0,0,0,4136,4289,0.964,OK
TXT,4136,2010-01-04,2026-06-12,0,0,False,0,0,0,4136,4289,0.964,OK
MAS,4136,2010-01-04,2026-06-12,0,0,False,0,0,0,4136,4289,0.964,OK
DOC,4136,2010-01-04,2026-06-12,0,0,False,0,0,0,4136,4289,0.964,OK
DECK,4136,2010-01-04,2026-06-12,0,0,False,0,0,0,4136,4289,0.964,OK
EG,4136,2010-01-04,2026-06-12,0,0,False,0,0,0,4136,4289,0.964,OK
J,4136,2010-01-04,2026-06-12,0,0,False,0,0,0,4136,4289,0.964,OK
REG,4136,2010-01-04,2026-06-12,0,0,False,0,0,0,4136,4289,0.964,OK
COO,4136,2010-01-04,2026-06-12,0,0,False,0,0,0,4136,4289,0.964,OK
ALB,4136,2010-01-04,2026-06-12,0,0,False,0,0,0,4136,4289,0.964,OK
PTC,4136,2010-01-04,2026-06-12,0,0,False,0,0,0,4136,4289,0.964,OK
MKC,4136,2010-01-04,2026-06-12,0,0,False,0,0,0,4136,4289,0.964,OK
SOLV,556,2024-03-26,2026-06-12,0,0,False,0,0,0,556,578,0.962,OK
GL,4136,2010-01-04,2026-06-12,0,0,False,0,0,1,4136,4289,0.964,OK
LULU,4136,2010-01-04,2026-06-12,0,0,False,0,0,0,4136,4289,0.964,OK
AIZ,4136,2010-01-04,2026-06-12,0,0,False,0,0,0,4136,4289,0.964,OK
SWK,4136,2010-01-04,2026-06-12,0,0,False,0,0,0,4136,4289,0.964,OK
LDOS,4136,2010-01-04,2026-06-12,0,0,False,0,0,0,4136,4289,0.964,OK
TKO,4136,2010-01-04,2026-06-12,0,0,False,0,0,0,4136,4289,0.964,OK
HRL,4136,2010-01-04,2026-06-12,0,0,False,0,0,0,4136,4289,0.964,OK
GNRC,4109,2010-02-11,2026-06-12,0,0,False,0,0,0,4109,4261,0.964,OK
PNW,4136,2010-01-04,2026-06-12,0,0,False,0,0,0,4136,4289,0.964,OK
ALGN,4136,2010-01-04,2026-06-12,0,0,False,0,0,0,4136,4289,0.964,OK
UDR,4136,2010-01-04,2026-06-12,0,0,False,0,0,0,4136,4289,0.964,OK
ZBRA,4136,2010-01-04,2026-06-12,0,0,False,0,0,0,4136,4289,0.964,OK
TYL,4136,2010-01-04,2026-06-12,0,0,False,0,0,0,4136,4289,0.964,OK
IVZ,4136,2010-01-04,2026-06-12,0,0,False,0,0,0,4136,4289,0.964,OK
ERIE,4136,2010-01-04,2026-06-12,0,0,False,0,0,0,4136,4289,0.964,OK
RVTY,4136,2010-01-04,2026-06-12,0,0,False,0,0,0,4136,4289,0.964,OK
APTV,3662,2011-11-17,2026-06-12,0,0,False,0,0,0,3662,3801,0.963,OK
PNR,4136,2010-01-04,2026-06-12,0,0,False,0,0,0,4136,4289,0.964,OK
APA,4136,2010-01-04,2026-06-12,0,0,False,0,0,1,4136,4289,0.964,OK
TRMB,4136,2010-01-04,2026-06-12,0,0,False,0,0,0,4136,4289,0.964,OK
AVY,4136,2010-01-04,2026-06-12,0,0,False,0,0,0,4136,4289,0.964,OK
MGM,4136,2010-01-04,2026-06-12,0,0,False,0,0,0,4136,4289,0.964,OK
GDDY,2818,2015-03-31,2026-06-12,0,0,False,0,0,0,2818,2923,0.964,OK
SJM,4136,2010-01-04,2026-06-12,0,0,False,0,0,0,4136,4289,0.964,OK
BF-B,4136,2010-01-04,2026-06-12,0,0,False,0,0,0,4136,4289,0.964,OK
ALLE,3160,2013-11-18,2026-06-12,0,0,False,0,0,0,3160,3279,0.964,OK
CSGP,4136,2010-01-04,2026-06-12,0,0,False,0,0,0,4136,4289,0.964,OK
CLX,4136,2010-01-04,2026-06-12,0,0,False,0,0,0,4136,4289,0.964,OK
CPT,4136,2010-01-04,2026-06-12,0,0,False,0,0,0,4136,4289,0.964,OK
BAX,4136,2010-01-04,2026-06-12,0,0,False,0,0,0,4136,4289,0.964,OK
HAS,4136,2010-01-04,2026-06-12,0,0,False,0,0,0,4136,4289,0.964,OK
PODD,4136,2010-01-04,2026-06-12,0,0,False,0,0,0,4136,4289,0.964,OK
HII,3830,2011-03-22,2026-06-12,0,0,False,0,0,0,3830,3973,0.964,OK
FOXA,1825,2019-03-12,2026-06-12,0,0,False,0,0,0,1825,1893,0.964,OK
TECH,4136,2010-01-04,2026-06-12,0,0,False,0,0,0,4136,4289,0.964,OK
JKHY,4136,2010-01-04,2026-06-12,0,0,False,0,0,0,4136,4289,0.964,OK
FOX,1824,2019-03-13,2026-06-12,0,0,False,0,0,0,1824,1892,0.964,OK
BXP,4136,2010-01-04,2026-06-12,0,0,False,0,0,0,4136,4289,0.964,OK
CRL,4136,2010-01-04,2026-06-12,0,0,False,0,0,0,4136,4289,0.964,OK
PSKY,4136,2010-01-04,2026-06-12,0,0,False,0,0,0,4136,4289,0.964,OK
AES,4136,2010-01-04,2026-06-12,0,0,False,0,0,0,4136,4289,0.964,OK
FRT,4136,2010-01-04,2026-06-12,0,0,False,0,0,0,4136,4289,0.964,OK
DPZ,4136,2010-01-04,2026-06-12,0,0,False,0,0,0,4136,4289,0.964,OK
HSIC,4136,2010-01-04,2026-06-12,0,0,False,0,0,0,4136,4289,0.964,OK
TTD,2445,2016-09-21,2026-06-12,0,0,False,0,0,0,2445,2537,0.964,OK
NCLH,3370,2013-01-18,2026-06-12,0,0,False,0,0,0,3370,3495,0.964,OK
FDS,4136,2010-01-04,2026-06-12,0,0,False,0,0,0,4136,4289,0.964,OK
NWSA,3266,2013-06-19,2026-06-12,0,0,False,0,0,0,3266,3387,0.964,OK
IT,4136,2010-01-04,2026-06-12,0,0,False,0,0,0,4136,4289,0.964,OK
WYNN,4136,2010-01-04,2026-06-12,0,0,False,0,0,0,4136,4289,0.964,OK
UHS,4136,2010-01-04,2026-06-12,0,0,False,0,0,0,4136,4289,0.964,OK
SWKS,4136,2010-01-04,2026-06-12,0,0,False,0,0,0,4136,4289,0.964,OK
BLDR,4136,2010-01-04,2026-06-12,0,0,False,0,0,1,4136,4289,0.964,OK
AOS,4136,2010-01-04,2026-06-12,0,0,False,0,0,0,4136,4289,0.964,OK
ARE,4136,2010-01-04,2026-06-12,0,0,False,0,0,0,4136,4289,0.964,OK
NWS,3266,2013-06-19,2026-06-12,0,0,False,0,0,0,3266,3387,0.964,OK
MOS,4136,2010-01-04,2026-06-12,0,0,False,0,0,0,4136,4289,0.964,OK
TAP,4136,2010-01-04,2026-06-12,0,0,False,0,0,0,4136,4289,0.964,OK
