signal,holding_period,direction,p_value,p_value_less,null_mean,null_se,observed_mean,excess_vs_rotation,n_offsets,n_trades,p_adj,reject,beats_rotation_null,p_value_two_sided,p_adj_two_sided,loses_to_rotation_null
ict_bos_bearish,1,-1,0.988144205177837,0.012097749818533753,-0.0007265062753092074,0.0004147847442147538,-0.0014764434836069072,-0.0007499372082976997,4132,42608,1.0,False,False,0.024195499637067505,0.09653686316761581,False
ict_bos_bullish,1,1,0.9789499153157513,0.021292039680619403,0.0007231629300119923,0.00026530230317139134,0.0003031934304968458,-0.0004199694995151465,4132,80902,1.0,False,False,0.04258407936123881,0.14841184094213922,False
ict_bpr_bearish,1,-1,0.2872005806919913,0.7130413743043794,-0.0007362636209242165,0.0003835974006082965,-0.0005268051726178116,0.00020945844830640484,4132,26235,1.0,False,False,0.5744011613839826,0.7516327464950255,False
ict_bpr_bullish,1,1,0.37140091942898623,0.6288410355673845,0.0007200251052431694,0.0003725813750434562,0.0008380224066125627,0.00011799730136939331,4132,26887,1.0,False,False,0.7428018388579725,0.8516815872247762,False
ict_displacement_bearish,1,-1,0.9697556254536657,0.030486329542705057,-0.0007272344804720272,0.00021139675910446595,-0.0011120999201006004,-0.0003848654396285732,4132,190920,1.0,False,False,0.060972659085410115,0.1888420187336405,False
ict_displacement_bullish,1,1,0.9487055407694169,0.051536414226953785,0.0007223079409992054,0.0001773884428302572,0.00043152570350952357,-0.0002907822374896818,4132,213004,1.0,False,False,0.10307282845390757,0.25668159001492336,False
ict_fvg_bearish_formed,1,-1,0.41204935881925964,0.5881925961771111,-0.000730242377011579,0.00030610331258313153,-0.0006650455300115498,6.519684700002925e-05,4132,90931,1.0,False,False,0.8240987176385193,0.8974200428349957,False
ict_fvg_bullish_formed,1,1,0.8066779578998307,0.19356399709654004,0.0007239249287517561,0.00023098732555158034,0.0005309701263475541,-0.00019295480240420196,4132,112426,1.0,False,False,0.3871279941930801,0.5859799713876966,False
ict_liquidity_buyside_pool_formed,1,1,0.4045487539317687,0.595693201064602,0.0006999189088789956,0.0002949961998390858,0.0007483286913956517,4.840978251665609e-05,4132,59107,1.0,False,False,0.8090975078635374,0.8934721744240043,False
ict_liquidity_buyside_swept,1,1,0.6980401645293975,0.30220179046697315,0.0006956830031239158,0.00022884137398258728,0.0005998527253718119,-9.583027775210396e-05,4132,44397,1.0,False,False,0.6044035809339463,0.7736365835954513,False
ict_liquidity_sellside_pool_formed,1,-1,0.6385192354222115,0.3617227195741592,-0.0007032453799885716,0.0003819510499527521,-0.0008087791199035552,-0.00010553373991498366,4132,51792,1.0,False,False,0.7234454391483184,0.8354856750742723,False
ict_liquidity_sellside_swept,1,-1,0.740866198887007,0.25937575610936364,-0.0007098741683191174,0.00031355389042195573,-0.0008837999410493414,-0.000173925772730224,4132,32983,1.0,False,False,0.5187515122187273,0.7160805188274195,False
ict_mss_bearish,1,-1,0.015969029760464555,0.9842729252359061,-0.0007287632216084431,0.00034606823915332436,-5.5090355122206336e-05,0.0006736728664862368,4132,36634,1.0,False,False,0.03193805952092911,0.12219779294964182,False
ict_mss_bullish,1,1,0.9182192112267118,0.08202274376965885,0.0007122275168188301,0.0003391500604677736,0.00034628906465544046,-0.00036593845216338964,4132,36614,1.0,False,False,0.1640454875393177,0.3416805420937268,False
ict_nwog_gap_down,1,-1,0.9518509557222357,0.04839099927413501,-0.0007218251027673429,0.0005204596934523055,-0.0016128717442753261,-0.0008910466415079833,4132,131146,1.0,False,False,0.09678199854827002,0.24866615685394924,False
ict_nwog_gap_up,1,1,0.4130171788047423,0.5872247761916284,0.0007238454756062636,0.00048279875309241714,0.0008279024520618802,0.00010405697645561661,4132,147587,1.0,False,False,0.8260343576094846,0.8974200428349957,False
ict_ob_bearish_formed,1,-1,0.07936123880958142,0.9208807161867892,-0.0007250895373343287,0.0003949598217711674,-0.00022506118829804353,0.0005000283490362851,4132,22494,1.0,False,False,0.15872247761916283,0.336953292622545,False
ict_ob_bearish_mitigated,1,1,0.5649649165255263,0.4352770384708444,0.0007090879733238207,0.0003131584197884773,0.0006632478937155191,-4.584007960830162e-05,4132,20178,1.0,False,False,0.8705540769416888,0.9147314480103717,False
ict_ob_bullish_formed,1,1,0.8562787321558191,0.14396322284055166,0.0007180598898740316,0.0002498259233362447,0.0004852658315055359,-0.00023279405836849573,4132,32613,1.0,False,False,0.2879264456811033,0.5067505443987418,False
ict_ob_bullish_mitigated,1,-1,1.0,0.00024195499637067505,-0.0007226349670959115,0.0005609128728756631,-0.0032231199810709775,-0.002500485013975066,4132,20604,1.0,False,False,0.0004839099927413501,0.008767123287671232,True
ict_sweep_buyside_bearish,1,-1,0.6271473505927897,0.37309460440358094,-0.0007211255511002463,0.00022206205062638666,-0.0007691415966597483,-4.8016045559502035e-05,4132,65619,1.0,False,False,0.7461892088071619,0.852787667208185,False
ict_sweep_sellside_bullish,1,1,0.6796515848052262,0.32059037019114445,0.0007084525074797092,0.0003348690566176192,0.0006196066845447786,-8.884582293493064e-05,4132,49450,1.0,False,False,0.6411807403822889,0.7947028894879075,False
ict_volume_imbalance_bearish,1,-1,0.9920154851197677,0.008226469876602952,-0.0007237815388803988,0.000283603543790265,-0.001424052588919327,-0.0007002710500389282,4132,84892,1.0,False,False,0.016452939753205904,0.07691022427864533,False
ict_volume_imbalance_bullish,1,1,1.0,0.00024195499637067505,0.0007130513832029661,0.00021940719968887746,-0.0001228709258249172,-0.0008359223090278834,4132,117776,1.0,False,False,0.0004839099927413501,0.008767123287671232,True
smc_equal_highs,1,-1,0.6680377449794338,0.33220421001693684,-0.0007107521175784186,0.00034386641585616555,-0.0008298879280101728,-0.00011913581043175418,4132,10504,1.0,False,False,0.6644084200338737,0.8064543581100811,False
smc_equal_lows,1,1,0.2721993709170094,0.7280425840793613,0.0007094052477579037,0.0004111349111310811,0.0009110346869513586,0.00020162943919345487,4132,9360,1.0,False,False,0.5443987418340188,0.7311930502459544,False
smc_fvg_bearish_formed,1,-1,0.40866198887007016,0.5915799661263005,-0.0007170545225831158,0.0003672653917681118,-0.0006364015623986093,8.065296018450652e-05,4132,67886,1.0,False,False,0.8173239777401403,0.8934721744240043,False
smc_fvg_bullish_formed,1,1,0.5049600774255988,0.49528187757077186,0.0007065846052814578,0.0002936202571504404,0.0007066786177227963,9.401244133850316e-08,4132,68252,1.0,False,False,0.9905637551415437,0.9962241194566382,False
smc_internal_bos_bearish,1,-1,0.6382772804258408,0.3619646745705299,-0.0007266337865456069,0.00046400802691097797,-0.0008792759652154965,-0.00015264217866988957,4132,16606,1.0,False,False,0.7239293491410598,0.8354856750742723,False
smc_internal_bos_bullish,1,1,0.9874183401887249,0.012823614807645777,0.0007248597669750537,0.0002765260117341444,0.0001975344436237375,-0.0005273253233513161,4132,32002,1.0,False,False,0.025647229615291554,0.10030916471758475,False
smc_internal_choch_bearish,1,-1,0.18291797725623035,0.8173239777401403,-0.0007284818893646325,0.00035617093151325987,-0.0004387094472214857,0.0002897724421431468,4132,26383,1.0,False,False,0.3658359545124607,0.5672874713144765,False
smc_internal_choch_bullish,1,1,0.6968303895475442,0.3034115654488265,0.0007090920640581447,0.00033238605147080727,0.0005798115533894192,-0.00012928051066872547,4132,26486,1.0,False,False,0.606823130897653,0.7739193553477315,False
smc_internal_ob_bearish_formed,1,-1,0.3452697798209533,0.6549721751754174,-0.0007277572941895375,0.00032993505951087296,-0.0006088936245182022,0.00011886366967133529,4132,42989,1.0,False,False,0.6905395596419066,0.8259200118221263,False
smc_internal_ob_bearish_mitigated,1,1,0.7732881684006775,0.2269537865956932,0.0007118639947460336,0.00026063886166351153,0.0005537447490944041,-0.00015811924565162943,4132,38234,1.0,False,False,0.4539075731913864,0.6541061224489796,False
smc_internal_ob_bullish_formed,1,1,0.9571739656423905,0.04306798935398016,0.0007177098351944482,0.00022422604743905906,0.0003706467321146048,-0.0003470631030798434,4132,58488,1.0,False,False,0.08613597870796032,0.23647257735518365,False
smc_internal_ob_bullish_mitigated,1,-1,0.8761190418582143,0.12412291313815631,-0.0007257940443914343,0.00042712748924336947,-0.0011472010078525433,-0.000421406963461109,4132,39699,1.0,False,False,0.24824582627631261,0.47233800459060565,False
smc_swing_bos_bearish,1,-1,0.8695862569562062,0.13065569804016453,-0.0007001473973649818,0.0009689364382758611,-0.0016610563989402757,-0.000960909001575294,4132,1249,1.0,False,False,0.26131139608032905,0.48667519269987203,False
smc_swing_bos_bullish,1,1,0.4829421727558674,0.5172997822405032,0.0007214608882242813,0.0004059025255675345,0.0007269531645506251,5.492276326343813e-06,4132,4581,1.0,False,False,0.9658843455117349,0.9798019873778981,False
smc_swing_choch_bearish,1,-1,0.9995160900072586,0.0007258649891120251,-0.000722551307116265,0.0008322571261308157,-0.004019503330656095,-0.0032969520235398304,4132,2661,1.0,False,False,0.0014517299782240503,0.01643835616438356,True
smc_swing_choch_bullish,1,1,0.26881200096782,0.7314299540285507,0.0006975288926670874,0.000606032016537468,0.0010300576168272534,0.000332528724160166,4132,2710,1.0,False,False,0.53762400193564,0.7290200210748156,False
smc_swing_ob_bearish_formed,1,-1,0.9997580450036293,0.0004839099927413501,-0.0007155508515502513,0.0007469931010149826,-0.003266127315895722,-0.0025505764643454706,4132,3910,1.0,False,False,0.0009678199854827002,0.012860209161072292,True
smc_swing_ob_bearish_mitigated,1,1,0.8608758770868619,0.13936607790950883,0.0007013244336275975,0.000531273838362048,0.00017985426958806809,-0.0005214701640395294,4132,3365,1.0,False,False,0.27873215581901767,0.4955238325671425,False
smc_swing_ob_bullish_formed,1,1,0.3251875151221873,0.6750544398741835,0.0007124952607423633,0.00037996291945765755,0.0008396143997268235,0.0001271191389844602,4132,7291,1.0,False,False,0.6503750302443746,0.8004615756853841,False
smc_swing_ob_bullish_mitigated,1,-1,0.9997580450036293,0.0004839099927413501,-0.0007074659469346092,0.001075343191236726,-0.005901335899221508,-0.005193869952286899,4132,3415,1.0,False,False,0.0009678199854827002,0.012860209161072292,True
ict_bos_bearish,2,-1,0.42023723069474705,0.5800048414427499,-0.0014402558013455113,0.0007070042771338354,-0.0013672728059216431,7.29829954238682e-05,4130,42603,1.0,False,False,0.8404744613894941,0.9012213265058989,False
ict_bos_bullish,2,1,0.9975792786250303,0.002662793512466715,0.001432014292347868,0.00046422458827738373,0.000483393934468771,-0.0009486203578790971,4130,80881,1.0,False,False,0.00532558702493343,0.037637910085054675,True
ict_bpr_bearish,2,-1,0.8211086903897361,0.17913338174776083,-0.001458745483009022,0.0005872606603049516,-0.0019527294687595592,-0.0004939839857505373,4130,26231,1.0,False,False,0.35826676349552167,0.5666133333333333,False
ict_bpr_bullish,2,1,0.7453401113531832,0.2549019607843137,0.0014260415834738112,0.0005931153261554035,0.0011274988688716756,-0.00029854271460213566,4130,26886,1.0,False,False,0.5098039215686274,0.7064999228037672,False
ict_displacement_bearish,2,-1,0.9310094408133623,0.0692326313241346,-0.0014404477516845485,0.00028774444001951517,-0.001863051039647906,-0.0004226032879633575,4130,190874,1.0,False,False,0.1384652626482692,0.3124344387960946,False
ict_displacement_bullish,2,1,0.9678044057129025,0.03243766642459453,0.0014309340129514466,0.0002452817807703123,0.0009749583916151238,-0.00045597562133632274,4130,212897,1.0,False,False,0.06487533284918906,0.19302405893864394,False
ict_fvg_bearish_formed,2,-1,0.8288549987896393,0.17138707334785766,-0.0014473210910170994,0.0004548732827125421,-0.0018876112439183523,-0.00044029015290125294,4130,90914,1.0,False,False,0.3427741466957153,0.5560207356538792,False
ict_fvg_bullish_formed,2,1,0.9665940450254176,0.0336480271120794,0.0014334858732089738,0.00034393011733104483,0.0008017366246572218,-0.000631749248551752,4130,112422,1.0,False,False,0.0672960542241588,0.19607059607059607,False
ict_liquidity_buyside_pool_formed,2,1,0.8896151053013798,0.11062696683611717,0.00138309388548571,0.00044926224639288805,0.0010199758712627891,-0.00036311801422292097,4130,59080,1.0,False,False,0.22125393367223434,0.4288478310456332,False
ict_liquidity_buyside_swept,2,1,0.8610505930767368,0.1391914790607601,0.0013763215406022542,0.0003834235279454207,0.0010686579792043949,-0.0003076635613978593,4130,44366,1.0,False,False,0.2783829581215202,0.4955238325671425,False
ict_liquidity_sellside_pool_formed,2,-1,0.9523117889130961,0.04793028322440087,-0.001395640725362981,0.0005707825603722093,-0.0020474384410204202,-0.0006517977156574393,4130,51775,1.0,False,False,0.09586056644880174,0.24810970139689864,False
ict_liquidity_sellside_swept,2,-1,0.2747518760590656,0.7254901960784313,-0.001406991200619587,0.0005235077475644968,-0.0011880869523815565,0.0002189042482380304,4130,32979,1.0,False,False,0.5495037521181312,0.7311930502459544,False
ict_mss_bearish,2,-1,0.22173807794722827,0.7785039941902687,-0.0014443206443631323,0.0005701326225235191,-0.0010744829598333117,0.00036983768452982066,4130,36626,1.0,False,False,0.44347615589445655,0.644365522295507,False
ict_mss_bullish,2,1,0.8753328491890583,0.12490922294843863,0.001409814923749663,0.0005814828056641025,0.0009511064527096308,-0.00045870847104003223,4130,36599,1.0,False,False,0.24981844589687727,0.4727746933102193,False
ict_nwog_gap_down,2,-1,0.7959331880900509,0.20430888404744613,-0.0014299832176565817,0.0006518054276057699,-0.0019872296441366395,-0.0005572464264800578,4130,131146,1.0,False,False,0.40861776809489225,0.6103693428125542,False
ict_nwog_gap_up,2,1,0.18082788671023964,0.8194141854272573,0.0014338351889909414,0.0005934649936299483,0.001962497720758497,0.0005286625317675554,4130,147587,1.0,False,False,0.3616557734204793,0.5666133333333333,False
ict_ob_bearish_formed,2,-1,0.08254659888646816,0.9176954732510288,-0.0014374039798113513,0.0006579773511965136,-0.0006442998425202752,0.0007931041372910761,4130,22492,1.0,False,False,0.16509319777293632,0.34184003303572696,False
ict_ob_bearish_mitigated,2,1,0.7782619220527717,0.22198015008472524,0.0014024904506835642,0.0005354248694688588,0.001083802763570124,-0.00031868768711344015,4130,20174,1.0,False,False,0.4439603001694505,0.644365522295507,False
ict_ob_bullish_formed,2,1,0.9779714354877753,0.022270636649721617,0.0014211510619774562,0.00040316016208528135,0.0007193893121859946,-0.0007017617497914616,4130,32596,1.0,False,False,0.04454127329944323,0.15221872040198076,False
ict_ob_bullish_mitigated,2,-1,0.27523602033405953,0.7250060518034375,-0.0014334665865896681,0.000938730338134241,-0.00101189252431047,0.00042157406227919816,4130,20603,1.0,False,False,0.5504720406681191,0.7311930502459544,False
ict_sweep_buyside_bearish,2,-1,0.5814572742677317,0.4187847978697652,-0.0014277012962549364,0.0003969545140990424,-0.0014672901717213574,-3.958887546642105e-05,4130,65600,1.0,False,False,0.8375695957395304,0.9012213265058989,False
ict_sweep_sellside_bullish,2,1,0.17138707334785766,0.8288549987896393,0.0014044329848749617,0.0006147548089187325,0.0018074027566634492,0.0004029697717884875,4130,49436,1.0,False,False,0.3427741466957153,0.5560207356538792,False
ict_volume_imbalance_bearish,2,-1,0.9569111595255386,0.043330912611958365,-0.0014330843229336924,0.0004001634873395287,-0.002111240840378663,-0.0006781565174449704,4130,84868,1.0,False,False,0.08666182522391673,0.23647257735518365,False
ict_volume_imbalance_bullish,2,1,0.9987896393125151,0.0014524328249818446,0.0014123990379805195,0.0003053813442485289,0.0004031734041444178,-0.0010092256338361018,4130,117767,1.0,False,False,0.002904865649963689,0.02565987303708654,True
smc_equal_highs,2,-1,0.8506414911643669,0.14960058097313,-0.0014100899457355417,0.0004663707205112539,-0.0018153385535769771,-0.00040524860784143537,4130,10504,1.0,False,False,0.29920116194626,0.5124106640489388,False
smc_equal_lows,2,1,0.3982086661825224,0.6020334059549746,0.001403068650143605,0.0005690639664751671,0.0015259499050975154,0.00012288125495391045,4130,9360,1.0,False,False,0.7964173323650448,0.8871484208623284,False
smc_fvg_bearish_formed,2,-1,0.9607843137254902,0.03945775841200678,-0.0014211397259276763,0.0005558470884025305,-0.002355199150076273,-0.0009340594241485968,4130,67869,1.0,False,False,0.07891551682401356,0.22401824130687717,False
smc_fvg_bullish_formed,2,1,0.8673444686516582,0.1328976034858388,0.0013990834736348453,0.0004474386813995447,0.000928900498118636,-0.00047018297551620924,4130,68247,1.0,False,False,0.2657952069716776,0.4872912127814089,False
smc_internal_bos_bearish,2,-1,0.24279835390946503,0.7574437182280319,-0.0014405290586237563,0.0007776444930870724,-0.0010099786843241873,0.000430550374299569,4130,16606,1.0,False,False,0.48559670781893005,0.6809961798894956,False
smc_internal_bos_bullish,2,1,0.9983054950375212,0.0019365770999757927,0.0014351196595463987,0.0004673088611095369,0.0003340694782210909,-0.0011010501813253078,4130,31993,1.0,False,False,0.0038731541999515854,0.030985233599612683,True
smc_internal_choch_bearish,2,-1,0.5267489711934157,0.4734931009440813,-0.0014440767460544978,0.0005857972804130052,-0.0014693924771654833,-2.5315731110985484e-05,4130,26380,1.0,False,False,0.9469862018881626,0.9634079279324661,False
smc_internal_choch_bullish,2,1,0.6555313483418058,0.3447107237956911,0.0014030180120986424,0.0005605798056447553,0.0012504571957532723,-0.00015256081634537014,4130,26469,1.0,False,False,0.6894214475913822,0.8259200118221263,False
smc_internal_ob_bearish_formed,2,-1,0.37956911159525536,0.6206729605422416,-0.00144269356078246,0.0005311300084164076,-0.0012919154975925397,0.00015077806318992038,4130,42986,1.0,False,False,0.7591382231905107,0.8647788173561806,False
smc_internal_ob_bearish_mitigated,2,1,0.8908254659888647,0.10941660614863229,0.0014083243875387716,0.0004341587444942646,0.00096510936022564,-0.0004432150273131315,4130,38218,1.0,False,False,0.21883321229726457,0.4288478310456332,False
smc_internal_ob_bullish_formed,2,1,0.9825708061002179,0.01767126603727911,0.0014205667374957232,0.00034849979293084625,0.0007489691822229949,-0.0006715975552727283,4130,58462,1.0,False,False,0.03534253207455822,0.12958928427338015,False
smc_internal_ob_bullish_mitigated,2,-1,0.14621157104817237,0.8540305010893247,-0.0014393363913950599,0.0007253286932039493,-0.0008165235898062192,0.0006228128015888407,4130,39689,1.0,False,False,0.29242314209634473,0.512104209044345,False
smc_swing_bos_bearish,2,-1,0.1019123698862261,0.8983297022512708,-0.001388845412187227,0.001553362458336136,0.0004045419802237283,0.0017933873924109553,4130,1249,1.0,False,False,0.2038247397724522,0.40997890514230384,False
smc_swing_bos_bullish,2,1,0.5030259017187122,0.4972161704187848,0.0014278988579822796,0.0006602782039984692,0.001398580367942814,-2.931849003946557e-05,4130,4581,1.0,False,False,0.9944323408375696,0.9972654814097563,False
smc_swing_choch_bearish,2,-1,0.007020091987412249,0.9932219801500847,-0.0014337372129305625,0.0013274326121019762,0.0021006210603770536,0.003534358273307616,4130,2660,0.9373033163882838,False,False,0.014040183974824498,0.07021960824777726,False
smc_swing_choch_bullish,2,1,0.7150810941660615,0.28516097797143547,0.0013797977072632472,0.0009913658061090648,0.0009426306305380812,-0.00043716707672516596,4130,2709,1.0,False,False,0.5703219559428709,0.7490795839249649,False
smc_swing_ob_bearish_formed,2,-1,0.007988380537400145,0.9922536916000968,-0.001419725513425717,0.0012131502668839042,0.0015586914694045533,0.0029784169828302705,4130,3909,0.9373033163882838,False,False,0.01597676107480029,0.07599756619364462,False
smc_swing_ob_bearish_mitigated,2,1,0.9544904381505689,0.0457516339869281,0.0013870896297599098,0.0008674298959882749,0.00011785192487295896,-0.0012692377048869508,4130,3365,1.0,False,False,0.0915032679738562,0.24587137654043806,False
smc_swing_ob_bullish_formed,2,1,0.6390704429920117,0.36117162914548534,0.0014098852098713061,0.0006260133006608997,0.0012291471939195739,-0.0001807380159517323,4130,7290,1.0,False,False,0.7223432582909707,0.8354856750742723,False
smc_swing_ob_bullish_mitigated,2,-1,0.020334059549745823,0.9799080125877512,-0.0014053121415925772,0.0017645593817426568,0.002001054432771669,0.0034063665743642463,4130,3415,1.0,False,False,0.04066811909949165,0.14315177923021058,False
ict_bos_bearish,3,-1,0.7645919108743037,0.23565027851780093,-0.0021596752392431776,0.0009814877605318288,-0.002670613789440196,-0.0005109385501970184,4128,42583,1.0,False,False,0.47130055703560186,0.6716509962612626,False
ict_bos_bullish,3,1,0.9985468636473722,0.0016953257447323807,0.00214525154844483,0.0006531192811985228,0.0008570514876382544,-0.0012882000608065755,4128,80874,1.0,False,False,0.0033906514894647614,0.027850462007968577,True
ict_bpr_bearish,3,-1,0.9917655606684427,0.008476628723661903,-0.0021852665985955806,0.0007472955037824591,-0.003922566550067627,-0.001737299951472046,4128,26231,1.0,False,False,0.016953257447323806,0.07750060547348026,False
ict_bpr_bullish,3,1,0.7004117219665779,0.29983046742552677,0.002138927403721847,0.0007765897897922421,0.0018530899785708561,-0.00028583742515099074,4128,26875,1.0,False,False,0.5996609348510535,0.7703673323633973,False
ict_displacement_bearish,3,-1,0.9861952046500363,0.014046984742068298,-0.0021584985185074323,0.0003542807107523988,-0.002935016524409674,-0.0007765180059022417,4128,190757,1.0,False,False,0.028093969484136595,0.10867117866391297,False
ict_displacement_bullish,3,1,0.9910389924921288,0.009203196899975782,0.00214501335105032,0.0003009147342067616,0.0014358472540512749,-0.0007091660969990453,4128,212891,1.0,False,False,0.018406393799951563,0.08201329895674621,False
ict_fvg_bearish_formed,3,-1,0.9970937272947444,0.0031484620973601355,-0.0021693093807471212,0.0005719254806924839,-0.0037241369037720445,-0.0015548275230249232,4128,90913,1.0,False,False,0.006296924194720271,0.042625333010414136,True
ict_fvg_bullish_formed,3,1,0.9782029547105837,0.02203923468152095,0.002148391336120822,0.000429777748263001,0.0012596339049436192,-0.0008887574311772029,4128,112379,1.0,False,False,0.0440784693630419,0.1521139334881446,False
ict_liquidity_buyside_pool_formed,3,1,0.7052555098086704,0.2949866795834342,0.0020696243679123607,0.0005681068772893622,0.001883262425783404,-0.00018636194212895657,4128,59053,1.0,False,False,0.5899733591668684,0.763494935392418,False
ict_liquidity_buyside_swept,3,1,0.8772099782029548,0.12303221118914992,0.002060983533337363,0.0005226249850769486,0.0016261463126192419,-0.0004348372207181213,4128,44356,1.0,False,False,0.24606442237829984,0.4707319384628345,False
ict_liquidity_sellside_pool_formed,3,-1,0.9811092274158392,0.01913296197626544,-0.0020948951394356877,0.0007127670126472143,-0.0031176359393353097,-0.001022740799899622,4128,51765,1.0,False,False,0.03826592395253088,0.1388619096009368,False
ict_liquidity_sellside_swept,3,-1,0.6541535480745944,0.34608864131751027,-0.002109949413901333,0.0007131641053218522,-0.0023490642217141185,-0.00023911480781278532,4128,32963,1.0,False,False,0.6921772826350205,0.8259200118221263,False
ict_mss_bearish,3,-1,0.5744732380721724,0.4257689513199322,-0.0021654912107720702,0.0007735582656694393,-0.002262909417676166,-9.741820690409558e-05,4128,36610,1.0,False,False,0.8515379026398644,0.9083070961491887,False
ict_mss_bullish,3,1,0.9551949624606442,0.045047226931460405,0.0021112905982193964,0.0008081611006254915,0.001187235323356868,-0.0009240552748625284,4128,36582,1.0,False,False,0.09009445386292081,0.2439480596903702,False
ict_nwog_gap_down,3,-1,0.5524340033906515,0.4478081860014531,-0.0021427779330785955,0.0007506840635127713,-0.0022511147593572618,-0.00010833682627866626,4128,131146,1.0,False,False,0.8956163720029062,0.9299615426106873,False
ict_nwog_gap_up,3,1,0.21530636958101235,0.7849358198110923,0.0021490695014043187,0.0006865669131203617,0.0026908043158130833,0.0005417348144087647,4128,147587,1.0,False,False,0.4306127391620247,0.6342078836193836,False
ict_ob_bearish_formed,3,-1,0.5790748365221603,0.4211673528699443,-0.002155849224044241,0.000882100000641667,-0.002342808009570576,-0.00018695878552633504,4128,22483,1.0,False,False,0.8423347057398886,0.9012213265058989,False
ict_ob_bearish_mitigated,3,1,0.7633809639137806,0.23686122547832406,0.002099596922718249,0.0007260885551233647,0.0016895890531967057,-0.0004100078695215433,4128,20166,1.0,False,False,0.4737224509566481,0.6723802529707263,False
ict_ob_bullish_formed,3,1,0.9900702349237104,0.010171954468394284,0.0021282544790743032,0.0005286229978278747,0.001043300146891945,-0.0010849543321823582,4128,32591,1.0,False,False,0.020343908936788568,0.08699413036762434,False
ict_ob_bullish_mitigated,3,-1,0.9355776217001696,0.0646645676919351,-0.002151087930598719,0.0012923399787275153,-0.0037602161920254353,-0.0016091282614267162,4128,20598,1.0,False,False,0.1293291353838702,0.29830990926881334,False
ict_sweep_buyside_bearish,3,-1,0.6052312908694599,0.3950108985226447,-0.0021386458524798083,0.0005501211830776444,-0.0022158119555857982,-7.716610310598993e-05,4128,65576,1.0,False,False,0.7900217970452894,0.8828180081267996,False
ict_sweep_sellside_bullish,3,1,0.31024461128602565,0.689997578106079,0.0021067571987990604,0.0008718725271900884,0.0024214840244128847,0.00031472682561382425,4128,49420,1.0,False,False,0.6204892225720513,0.7812411641398137,False
ict_volume_imbalance_bearish,3,-1,0.9975781060789537,0.002664083313150884,-0.0021472501065082326,0.0004959563238554762,-0.003595625777981911,-0.0014483756714736783,4128,84860,1.0,False,False,0.005328166626301768,0.037637910085054675,True
ict_volume_imbalance_bullish,3,1,0.9997578106078954,0.0004843787842092516,0.0021173173423135127,0.00037993150497049084,0.0008510922828041855,-0.0012662250595093273,4128,117712,1.0,False,False,0.0009687575684185032,0.012860209161072292,True
smc_equal_highs,3,-1,0.9493824170501332,0.05085977234197142,-0.0021139359023156323,0.000548267007477417,-0.0029000809184315432,-0.0007861450161159109,4128,10504,1.0,False,False,0.10171954468394284,0.25668159001492336,False
smc_equal_lows,3,1,0.8437878420925163,0.15645434729958826,0.0021028920164119745,0.0006888492417663269,0.0015361735605263958,-0.0005667184558855788,4128,9360,1.0,False,False,0.31290869459917653,0.5220088175303798,False
smc_fvg_bearish_formed,3,-1,1.0,0.0002421893921046258,-0.0021298355752293204,0.0007135007282525111,-0.004938087279655078,-0.002808251704425757,4128,67848,1.0,False,False,0.0004843787842092516,0.008767123287671232,True
smc_fvg_bullish_formed,3,1,0.9581012351658997,0.04214095422620489,0.0020967847289851205,0.0005760999225153397,0.001130662419695628,-0.0009661223092894925,4128,68195,1.0,False,False,0.08428190845240978,0.2351706036745407,False
smc_internal_bos_bearish,3,-1,0.3555340276095907,0.6447081617825139,-0.002159481852530329,0.0010574652376661587,-0.0018911847263956667,0.0002682971261346622,4128,16597,1.0,False,False,0.7110680552191814,0.8287945544276552,False
smc_internal_bos_bullish,3,1,0.9973359166868491,0.00290627270525551,0.0021501737100873505,0.0006410190735491741,0.0007214979223629835,-0.001428675787724367,4128,31991,1.0,False,False,0.00581254541051102,0.04011796048038978,True
smc_internal_choch_bearish,3,-1,0.8479050617582949,0.15233712763380963,-0.0021651785571257126,0.0007881628772553918,-0.002849349722117673,-0.0006841711649919605,4128,26371,1.0,False,False,0.30467425526761927,0.5156025858375095,False
smc_internal_choch_bullish,3,1,0.8164204407846937,0.183821748607411,0.0021012783421114037,0.0007689730432127627,0.0016135195613461188,-0.0004877587807652849,4128,26459,1.0,False,False,0.367643497214822,0.5675899606123568,False
smc_internal_ob_bearish_formed,3,-1,0.6890288205376605,0.3112133688544442,-0.0021629738228687505,0.0006968485735152482,-0.002479244889823916,-0.0003162710669551657,4128,42968,1.0,False,False,0.6224267377088883,0.7812411641398137,False
smc_internal_ob_bearish_mitigated,3,1,0.9111164930976023,0.0891256962945023,0.0021085128530474065,0.0005786673986454888,0.001464229683562446,-0.0006442831694849604,4128,38204,1.0,False,False,0.1782513925890046,0.3669268432241498,False
smc_internal_ob_bullish_formed,3,1,0.9905546137079196,0.009687575684185032,0.0021280127152530537,0.0004466070066490908,0.0011252960497514313,-0.0010027166655016224,4128,58450,1.0,False,False,0.019375151368370064,0.08525066602082829,False
smc_internal_ob_bullish_mitigated,3,-1,0.7258416081375636,0.27440058125454103,-0.002159121819723681,0.000984886655226304,-0.0026673208560910222,-0.0005081990363673414,4128,39684,1.0,False,False,0.5488011625090821,0.7311930502459544,False
smc_swing_bos_bearish,3,-1,0.5284572535722936,0.47178493581981107,-0.002083126068208531,0.0020975273971690148,-0.0023757341612294313,-0.0002926080930209002,4128,1249,1.0,False,False,0.9435698716396221,0.9627147675859333,False
smc_swing_bos_bullish,3,1,0.2664083313150884,0.7338338580770162,0.0021387172419612063,0.0008929030791066142,0.002562530536621052,0.0004238132946598459,4128,4581,1.0,False,False,0.5328166626301768,0.7269436637434971,False
smc_swing_choch_bearish,3,-1,0.10850084766287237,0.8917413417292323,-0.002152732569240252,0.0018043452818540084,-0.0002808202839960854,0.0018719122852441663,4128,2656,1.0,False,False,0.21700169532574473,0.4288478310456332,False
smc_swing_choch_bullish,3,1,0.8457253572293534,0.15451683216275128,0.00206492232356954,0.0013370039952738172,0.0009921037085115622,-0.0010728186150579778,4128,2709,1.0,False,False,0.30903366432550256,0.517999284964652,False
smc_swing_ob_bearish_formed,3,-1,0.18067328651005085,0.8195689028820538,-0.0021309880337690864,0.0016590772404799876,-0.0009508708429370453,0.0011801171908320412,4128,3905,1.0,False,False,0.3613465730201017,0.5666133333333333,False
smc_swing_ob_bearish_mitigated,3,1,0.9292806975054493,0.07096149188665536,0.0020759931839861635,0.0011729800138150091,0.0006406376681273779,-0.0014353555158587855,4128,3363,1.0,False,False,0.14192298377331072,0.3173920582625282,False
smc_swing_ob_bullish_formed,3,1,0.5686606926616614,0.4315814967304432,0.0021110906280949354,0.000847592356659404,0.001978952172101353,-0.00013213845599358226,4128,7290,1.0,False,False,0.8631629934608864,0.9124125336283244,False
smc_swing_ob_bullish_mitigated,3,-1,0.18914991523371277,0.8110922741583919,-0.0021094064355461177,0.0024353099967612158,-0.0004891858433426939,0.0016202205922034238,4128,3414,1.0,False,False,0.37829983046742555,0.5814914424652131,False
ict_bos_bearish,5,-1,0.9524848484848485,0.047757575757575756,-0.0035790748623197536,0.0014654376885542021,-0.005210862379158704,-0.00163178751683895,4124,42573,1.0,False,False,0.09551515151515151,0.24810970139689864,False
ict_bos_bullish,5,1,0.9992727272727273,0.0009696969696969697,0.003546156200844726,0.0009918661141094052,0.0015231580196942596,-0.002022998181150466,4124,80827,1.0,False,False,0.0019393939393939393,0.01948249619482496,True
ict_bpr_bearish,5,-1,0.9827878787878788,0.017454545454545455,-0.003612855866637833,0.0009397109123779584,-0.005496114165084284,-0.0018832582984464508,4124,26211,1.0,False,False,0.03490909090909091,0.12934736842105263,False
ict_bpr_bullish,5,1,0.8627878787878788,0.13745454545454547,0.00354505793747532,0.0010474207661532843,0.0027436397937189508,-0.0008014181437563691,4124,26872,1.0,False,False,0.27490909090909094,0.4937142857142858,False
ict_displacement_bearish,5,-1,0.999030303030303,0.0012121212121212121,-0.003571879715797813,0.0004455443135940363,-0.004931915070185203,-0.0013600353543873904,4124,190677,1.0,False,False,0.0024242424242424242,0.023063063063063063,True
ict_displacement_bullish,5,1,0.9997575757575757,0.00048484848484848484,0.0035504024902977944,0.00036525998089321425,0.002293453855767183,-0.0012569486345306116,4124,212775,1.0,False,False,0.0009696969696969697,0.012860209161072292,True
ict_fvg_bearish_formed,5,-1,0.9995151515151515,0.0007272727272727272,-0.0035896339075592153,0.0007219122261748831,-0.005983706026298889,-0.002394072118739674,4124,90850,1.0,False,False,0.0014545454545454545,0.01643835616438356,True
ict_fvg_bullish_formed,5,1,0.9951515151515151,0.005090909090909091,0.003555624609879901,0.0005341836271900676,0.00211361598602204,-0.001442008623857861,4124,112355,1.0,False,False,0.010181818181818183,0.05780645161290322,False
ict_liquidity_buyside_pool_formed,5,1,0.39006060606060605,0.6101818181818182,0.0034171951018226398,0.0007069674539331589,0.0035785147026298754,0.0001613196008072356,4124,59002,1.0,False,False,0.7801212121212121,0.8782000731045316,False
ict_liquidity_buyside_swept,5,1,0.8063030303030303,0.19393939393939394,0.0034044120755213213,0.0007518112400842552,0.002943083231363338,-0.0004613288441579831,4124,44312,1.0,False,False,0.3878787878787879,0.5859799713876966,False
ict_liquidity_sellside_pool_formed,5,-1,0.9498181818181818,0.05042424242424243,-0.0034727359054232735,0.0008847031455189285,-0.00454385123773168,-0.0010711153323084061,4124,51740,1.0,False,False,0.10084848484848485,0.25668159001492336,False
ict_liquidity_sellside_swept,5,-1,0.8191515151515152,0.18109090909090908,-0.003495370713100687,0.0010202787860181693,-0.004248666922180774,-0.0007532962090800875,4124,32943,1.0,False,False,0.36218181818181816,0.5666133333333333,False
ict_mss_bearish,5,-1,0.9406060606060606,0.05963636363636363,-0.0035868182939230763,0.0011030238264177485,-0.004917530784969371,-0.0013307124910462943,4124,36599,1.0,False,False,0.11927272727272727,0.2824308173209525,False
ict_mss_bullish,5,1,0.8901818181818182,0.11006060606060607,0.003488892822503218,0.0012121957247739565,0.002562204770716512,-0.0009266880517867057,4124,36556,1.0,False,False,0.22012121212121213,0.4288478310456332,False
ict_nwog_gap_down,5,-1,0.6472727272727272,0.352969696969697,-0.003545807885719177,0.0008155926379166206,-0.003855446052809964,-0.00030963816709078705,4124,130950,1.0,False,False,0.705939393939394,0.8287945544276552,False
ict_nwog_gap_up,5,1,0.43393939393939396,0.5663030303030303,0.0035559038482567795,0.0007441226548705314,0.003666413104630841,0.00011050925637406169,4124,147428,1.0,False,False,0.8678787878787879,0.9146506986027945,False
ict_ob_bearish_formed,5,-1,0.8664242424242424,0.1338181818181818,-0.0035727073101728263,0.0012407028577574534,-0.00480104762802644,-0.0012283403178536137,4124,22474,1.0,False,False,0.2676363636363636,0.48812435233160617,False
ict_ob_bearish_mitigated,5,1,0.7013333333333334,0.2989090909090909,0.003467641952727105,0.0010384681976844576,0.003058972005453317,-0.000408669947273788,4124,20153,1.0,False,False,0.5978181818181818,0.7703673323633973,False
ict_ob_bullish_formed,5,1,0.9718787878787879,0.028363636363636365,0.003517068584980088,0.0007086026641130448,0.0023177427969794614,-0.0011993257880006268,4124,32574,1.0,False,False,0.05672727272727273,0.18152727272727273,False
ict_ob_bullish_mitigated,5,-1,0.9389090909090909,0.06133333333333333,-0.0035686176599026027,0.0018696265031316254,-0.005960077644541264,-0.0023914599846386617,4124,20590,1.0,False,False,0.12266666666666666,0.28785777777777777,False
ict_sweep_buyside_bearish,5,-1,0.7726060606060606,0.22763636363636364,-0.0035360421339310608,0.0008124797987702523,-0.0038872239763693747,-0.0003511818424383139,4124,65546,1.0,False,False,0.4552727272727273,0.6541061224489796,False
ict_sweep_sellside_bullish,5,1,0.47006060606060607,0.5301818181818182,0.0034911418271981083,0.0013285171102295785,0.003650939833356168,0.0001597980061580598,4124,49402,1.0,False,False,0.9401212121212121,0.9627147675859333,False
ict_volume_imbalance_bearish,5,-1,0.9995151515151515,0.0007272727272727272,-0.003552666632295327,0.0006178665432532229,-0.0059104283309571,-0.002357761698661773,4124,84807,1.0,False,False,0.0014545454545454545,0.01643835616438356,True
ict_volume_imbalance_bullish,5,1,0.9995151515151515,0.0007272727272727272,0.0035040277814908875,0.00048350812323414354,0.001777964888620189,-0.0017260628928706984,4124,117672,1.0,False,False,0.0014545454545454545,0.01643835616438356,True
smc_equal_highs,5,-1,0.9282424242424242,0.072,-0.003493572259269208,0.0006666360449189628,-0.004365095648170036,-0.0008715233889008281,4124,10498,1.0,False,False,0.144,0.31879245283018864,False
smc_equal_lows,5,1,0.9578181818181818,0.04242424242424243,0.0034842756251888696,0.0008507649342835785,0.002257117138125986,-0.0012271584870628838,4124,9352,1.0,False,False,0.08484848484848485,0.2351706036745407,False
smc_fvg_bearish_formed,5,-1,1.0,0.00024242424242424242,-0.0035246693073200507,0.0009439609677503161,-0.007979012240429816,-0.004454342933109765,4124,67781,1.0,False,False,0.00048484848484848484,0.008767123287671232,True
smc_fvg_bullish_formed,5,1,0.9827878787878788,0.017454545454545455,0.0034708196449139512,0.0007614173361173748,0.0018592847075707048,-0.0016115349373432464,4124,68171,1.0,False,False,0.03490909090909091,0.12934736842105263,False
smc_internal_bos_bearish,5,-1,0.8688484848484849,0.1313939393939394,-0.003575575824875102,0.0015538787077472164,-0.004966448095134192,-0.0013908722702590903,4124,16594,1.0,False,False,0.2627878787878788,0.48684912280701753,False
smc_internal_bos_bullish,5,1,0.9997575757575757,0.00048484848484848484,0.0035574702764388133,0.0009478607505805269,0.0013968587848940687,-0.002160611491544745,4124,31972,1.0,False,False,0.0009696969696969697,0.012860209161072292,True
smc_internal_choch_bearish,5,-1,0.9216969696969697,0.07854545454545454,-0.0035865371253582935,0.001117274372970225,-0.0049378139038274696,-0.001351276778469176,4124,26365,1.0,False,False,0.1570909090909091,0.336953292622545,False
smc_internal_choch_bullish,5,1,0.9197575757575758,0.08048484848484848,0.0034732488629185864,0.001142243132083134,0.0023876222194860338,-0.0010856266434325526,4124,26440,1.0,False,False,0.16096969696969696,0.3392894211576846,False
smc_internal_ob_bearish_formed,5,-1,0.937939393939394,0.062303030303030305,-0.003582341285345548,0.0009453651657355179,-0.004948874584256338,-0.0013665332989107903,4124,42959,1.0,False,False,0.12460606060606061,0.2904724061810155,False
smc_internal_ob_bearish_mitigated,5,1,0.848,0.15224242424242423,0.003483470604763659,0.0008050982256042516,0.0028011306225034995,-0.0006823399822601596,4124,38179,1.0,False,False,0.30448484848484847,0.5156025858375095,False
smc_internal_ob_bullish_formed,5,1,0.9978181818181818,0.0024242424242424242,0.003519303789703628,0.0005777629437086483,0.001845324600319179,-0.001673979189384449,4124,58412,1.0,False,False,0.0048484848484848485,0.036578079131270626,True
smc_internal_ob_bullish_mitigated,5,-1,0.8906666666666667,0.10957575757575758,-0.003579313032219412,0.0014014160435733402,-0.0050600348403153595,-0.0014807218080959477,4124,39667,1.0,False,False,0.21915151515151515,0.4288478310456332,False
smc_swing_bos_bearish,5,-1,0.8375757575757575,0.16266666666666665,-0.003457989998514647,0.003041735014595792,-0.006143588268750326,-0.002685598270235679,4124,1248,1.0,False,False,0.3253333333333333,0.5367227414330219,False
smc_swing_bos_bullish,5,1,0.6111515151515151,0.3890909090909091,0.0035349799161661748,0.001300266739424158,0.0032056024019902216,-0.00032937751417595317,4124,4579,1.0,False,False,0.7781818181818182,0.8782000731045316,False
smc_swing_choch_bearish,5,-1,0.03781818181818182,0.9624242424242424,-0.0035729961354881864,0.002617935889628917,0.0004247336123897746,0.003997729747877961,4124,2655,1.0,False,False,0.07563636363636364,0.21645528455284554,False
smc_swing_choch_bullish,5,1,0.5946666666666667,0.4055757575757576,0.0034072442269776804,0.00195621879931425,0.0031483483720972957,-0.00025889585488038467,4124,2707,1.0,False,False,0.8111515151515152,0.8934721744240043,False
smc_swing_ob_bearish_formed,5,-1,0.16315151515151516,0.8370909090909091,-0.0035371600652715635,0.002420398307847692,-0.0016755138146311956,0.0018616462506403678,4124,3903,1.0,False,False,0.3263030303030303,0.5367227414330219,False
smc_swing_ob_bearish_mitigated,5,1,0.7859393939393939,0.2143030303030303,0.0034258027917033395,0.001708168273539581,0.002369039316851591,-0.0010567634748517487,4124,3361,1.0,False,False,0.4286060606060606,0.6339047619047619,False
smc_swing_ob_bullish_formed,5,1,0.6181818181818182,0.38206060606060605,0.0034871874552151114,0.0012298151664103957,0.0031843305575048873,-0.0003028568977102241,4124,7286,1.0,False,False,0.7641212121212121,0.867647311827957,False
smc_swing_ob_bullish_mitigated,5,-1,0.583030303030303,0.4172121212121212,-0.003500784209195987,0.00362477159195121,-0.004237102541956774,-0.0007363183327607869,4124,3412,1.0,False,False,0.8344242424242424,0.9012213265058989,False
ict_bos_bearish,10,-1,0.9997569866342649,0.0004860267314702309,-0.0071034030278727955,0.002382988228228086,-0.011988047447663911,-0.0048846444197911155,4114,42496,1.0,False,False,0.0009720534629404617,0.012860209161072292,True
ict_bos_bullish,10,1,0.9968408262454435,0.003402187120291616,0.006997919325384226,0.001669018472237312,0.004352096135933683,-0.0026458231894505423,4114,80739,1.0,False,False,0.006804374240583232,0.04519131571104335,True
ict_bpr_bearish,10,-1,0.7596597812879708,0.24058323207776428,-0.007137801898846459,0.0012107837983831426,-0.007852787976803088,-0.0007149860779566289,4114,26182,1.0,False,False,0.48116646415552855,0.6774823815309842,False
ict_bpr_bullish,10,1,0.8199270959902795,0.18031591737545566,0.007031198114030597,0.0015195959889403412,0.006190668484569056,-0.0008405296294615415,4114,26830,1.0,False,False,0.3606318347509113,0.5666133333333333,False
ict_displacement_bearish,10,-1,1.0,0.00024301336573511544,-0.007066478126048864,0.0006078648231445013,-0.009015994204249776,-0.001949516078200912,4114,190415,1.0,False,False,0.0004860267314702309,0.008767123287671232,True
ict_displacement_bullish,10,1,0.9975698663426489,0.0026731470230862697,0.007025096701923669,0.0004802333278794789,0.005663123635550696,-0.001361973066372973,4114,212461,1.0,False,False,0.0053462940461725394,0.037637910085054675,True
ict_fvg_bearish_formed,10,-1,0.9582017010935602,0.04204131227217497,-0.007105022925562237,0.0009523718380098796,-0.008777823080069976,-0.0016728001545077385,4114,90730,1.0,False,False,0.08408262454434993,0.2351706036745407,False
ict_fvg_bullish_formed,10,1,0.9739975698663427,0.026245443499392465,0.0070371631108832105,0.000715379768090933,0.005641996502350616,-0.0013951666085325947,4114,112181,1.0,False,False,0.05249088699878493,0.17268030115488128,False
ict_liquidity_buyside_pool_formed,10,1,0.19635479951397328,0.8038882138517619,0.0067449293525120345,0.0010369816508271632,0.0074293430878938985,0.0006844137353818639,4114,58941,1.0,False,False,0.39270959902794655,0.5907426446916119,False
ict_liquidity_buyside_swept,10,1,0.6524908869987849,0.3477521263669502,0.006717019912757266,0.00122390352330742,0.006416726732818477,-0.0003002931799387888,4114,44261,1.0,False,False,0.6955042527339004,0.8265607160798283,False
ict_liquidity_sellside_pool_formed,10,-1,0.9232077764277036,0.07703523693803159,-0.006876935838745846,0.0012372168173667836,-0.008229674778572293,-0.0013527389398264467,4114,51635,1.0,False,False,0.15407047387606318,0.3347704123726805,False
ict_liquidity_sellside_swept,10,-1,0.9239368165249089,0.07630619684082625,-0.006924114376419432,0.0015933385782485958,-0.008845383052689233,-0.0019212686762698009,4114,32884,1.0,False,False,0.1526123936816525,0.33366187935367503,False
ict_mss_bearish,10,-1,0.8724179829890644,0.12782503037667073,-0.007104446796234638,0.001704085330956703,-0.008462370119570871,-0.0013579233233362333,4114,36553,1.0,False,False,0.25565006075334146,0.47866394353817127,False
ict_mss_bullish,10,1,0.593681652490887,0.4065613608748481,0.006896799691640772,0.0020671182010140662,0.006759523312652582,-0.0001372763789881902,4114,36506,1.0,False,False,0.8131227217496962,0.8934721744240043,False
ict_nwog_gap_down,10,-1,0.5968408262454435,0.40340218712029163,-0.007015574602820659,0.0011234967832682832,-0.007314332473051956,-0.00029875787023129693,4114,130643,1.0,False,False,0.8068043742405833,0.8934721744240043,False
ict_nwog_gap_up,10,1,0.2648845686512758,0.7353584447144593,0.0070348157644237195,0.0010323413327148815,0.007667228761261797,0.000632412996838078,4114,147321,1.0,False,False,0.5297691373025516,0.7255981958385143,False
ict_ob_bearish_formed,10,-1,0.8204131227217497,0.1798298906439854,-0.007082704954652594,0.0018486118502213365,-0.008674436595598118,-0.001591731640945524,4114,22431,1.0,False,False,0.3596597812879708,0.5666133333333333,False
ict_ob_bearish_mitigated,10,1,0.5078979343863913,0.4923450789793439,0.006836333739088906,0.0016276887790381785,0.006839692640547141,3.3589014582346283e-06,4114,20124,1.0,False,False,0.9846901579586878,0.9960084356363738,False
ict_ob_bullish_formed,10,1,0.9341433778857837,0.0660996354799514,0.00694573161068509,0.0009797426965134854,0.005528023388009605,-0.001417708222675485,4114,32541,1.0,False,False,0.1321992709599028,0.30022027985732763,False
ict_ob_bullish_mitigated,10,-1,0.8177399756986634,0.18250303766707168,-0.007079899770456591,0.0029621069535361233,-0.009388512304144128,-0.0023086125336875376,4114,20562,1.0,False,False,0.36500607533414337,0.5672874713144765,False
ict_sweep_buyside_bearish,10,-1,0.10036452004860268,0.8998784933171324,-0.006981502633717547,0.001333668997097611,-0.005924371965095586,0.0010571306686219606,4114,65448,1.0,False,False,0.20072904009720535,0.40607254088630046,False
ict_sweep_sellside_bullish,10,1,0.17569866342648846,0.8245443499392466,0.006925449568254257,0.002264090179503835,0.00821613475931871,0.001290685191064453,4114,49304,1.0,False,False,0.3513973268529769,0.5648030093709948,False
ict_volume_imbalance_bearish,10,-1,0.9956257594167679,0.004617253948967193,-0.007028429894370803,0.0008211046038638151,-0.009396932687033536,-0.002368502792662733,4114,84642,1.0,False,False,0.009234507897934386,0.05461486638221424,False
ict_volume_imbalance_bullish,10,1,0.9956257594167679,0.004617253948967193,0.006932420618665196,0.0006881447148002537,0.0050128544465555605,-0.0019195661721096357,4114,117546,1.0,False,False,0.009234507897934386,0.05461486638221424,False
smc_equal_highs,10,-1,0.7798298906439854,0.2204131227217497,-0.00690018337316585,0.0009145631860575091,-0.0075341879060914245,-0.0006340045329255748,4114,10483,1.0,False,False,0.4408262454434994,0.644365522295507,False
smc_equal_lows,10,1,0.8082624544349939,0.1919805589307412,0.006904204318017826,0.0011841371016067812,0.005974045072359006,-0.0009301592456588204,4114,9341,1.0,False,False,0.3839611178614824,0.5850836081698779,False
smc_fvg_bearish_formed,10,-1,0.9958687727825031,0.004374240583232078,-0.006975763984903483,0.001369860300315542,-0.010898351237571173,-0.0039225872526676905,4114,67673,1.0,False,False,0.008748481166464156,0.05461486638221424,False
smc_fvg_bullish_formed,10,1,0.6461725394896719,0.35407047387606316,0.006868933647664026,0.001122630635484779,0.006533482628707819,-0.00033545101895620776,4114,68004,1.0,False,False,0.7081409477521263,0.8287945544276552,False
smc_internal_bos_bearish,10,-1,0.9730255164034022,0.02721749696233293,-0.007078030919543317,0.002640630732984528,-0.010346679410685289,-0.0032686484911419716,4114,16549,1.0,False,False,0.05443499392466586,0.1774177579766887,False
smc_internal_bos_bullish,10,1,0.9985419198055893,0.001701093560145808,0.0070381122930375925,0.0016564164225305834,0.004209534003670597,-0.0028285782893669956,4114,31944,1.0,False,False,0.003402187120291616,0.027850462007968577,True
smc_internal_choch_bearish,10,-1,0.675577156743621,0.3246658566221142,-0.00710250961143043,0.0017610908796389974,-0.007668395934575993,-0.0005658863231455631,4114,26315,1.0,False,False,0.6493317132442284,0.8004615756853841,False
smc_internal_choch_bullish,10,1,0.7057108140947752,0.2945321992709599,0.006864310368547174,0.0020024562312381177,0.006395166219152226,-0.00046914414939494813,4114,26396,1.0,False,False,0.5890643985419198,0.763494935392418,False
smc_internal_ob_bearish_formed,10,-1,0.8962332928311058,0.10400972053462941,-0.007093327573969024,0.0013655934002719688,-0.008702431797914289,-0.0016091042239452643,4114,42864,1.0,False,False,0.20801944106925882,0.41603888213851764,False
smc_internal_ob_bearish_mitigated,10,1,0.46682867557715674,0.5334143377885784,0.006876319493984818,0.0012246368123297172,0.007010092609640467,0.00013377311565564935,4114,38121,1.0,False,False,0.9336573511543135,0.9627147675859333,False
smc_internal_ob_bullish_formed,10,1,0.9885783718104496,0.011664641555285541,0.00695938760964222,0.0008080963266699376,0.005198425809633111,-0.0017609618000091094,4114,58340,1.0,False,False,0.023329283110571083,0.09548729831303512,False
smc_internal_ob_bullish_mitigated,10,-1,0.6592952612393682,0.34094775212636697,-0.007097668202060375,0.0021495830093603203,-0.007923058038399074,-0.000825389836338699,4114,39612,1.0,False,False,0.6818955042527339,0.8246609124537608,False
smc_swing_bos_bearish,10,-1,0.5307411907654921,0.46950182260024304,-0.00686864321178313,0.005038654423216892,-0.007586857160545146,-0.0007182139487620165,4114,1245,1.0,False,False,0.9390036452004861,0.9627147675859333,False
smc_swing_bos_bullish,10,1,0.6835965978128797,0.3166464155528554,0.006973613987646691,0.0021847527522133145,0.00612205912953408,-0.0008515548581126114,4114,4576,1.0,False,False,0.6332928311057108,0.7876999171350184,False
smc_swing_choch_bearish,10,-1,0.16038882138517618,0.8398541919805589,-0.007085990584261364,0.00424995194710448,-0.003683011440427952,0.0034029791438334117,4114,2653,1.0,False,False,0.32077764277035237,0.532611935165868,False
smc_swing_choch_bullish,10,1,0.4196840826245444,0.5805589307411908,0.00671095954854492,0.003313447367105811,0.007339301226392546,0.0006283416778476254,4114,2699,1.0,False,False,0.8393681652490887,0.9012213265058989,False
smc_swing_ob_bearish_formed,10,-1,0.24471445929526123,0.7555285540704739,-0.007018933355232094,0.003970407358568749,-0.004929878531640344,0.0020890548235917503,4114,3898,1.0,False,False,0.48942891859052245,0.6836467434280313,False
smc_swing_ob_bearish_mitigated,10,1,0.5295261239368165,0.4707168894289186,0.0067514452289174605,0.0028594073307546377,0.0065496313240758055,-0.00020181390484165507,4114,3356,1.0,False,False,0.9414337788578372,0.9627147675859333,False
smc_swing_ob_bullish_formed,10,1,0.5710814094775213,0.42916160388821384,0.006875563306098576,0.002013141724619421,0.006573651764506039,-0.00030191154159253664,4114,7275,1.0,False,False,0.8583232077764277,0.910029425112357,False
smc_swing_ob_bullish_mitigated,10,-1,0.7599027946537059,0.24034021871202915,-0.006939745504666918,0.006046863775040395,-0.01051501732617265,-0.003575271821505731,4114,3405,1.0,False,False,0.4806804374240583,0.6774823815309842,False
ict_bos_bearish,20,-1,1.0,0.0002442002442002442,-0.014327313516118543,0.003403674780521401,-0.022947360233015593,-0.00862004671689705,4094,42365,1.0,False,False,0.0004884004884004884,0.008767123287671232,True
ict_bos_bullish,20,1,0.9978021978021978,0.002442002442002442,0.013992159121763891,0.002410475124692333,0.009437018102217084,-0.004555141019546807,4094,80581,1.0,False,False,0.004884004884004884,0.036578079131270626,True
ict_bpr_bearish,20,-1,0.326984126984127,0.6732600732600733,-0.014300193358574806,0.0016121097733958277,-0.01367445723859624,0.000625736119978567,4094,26126,1.0,False,False,0.653968253968254,0.8020795309993917,False
ict_bpr_bullish,20,1,0.5008547008547009,0.4993894993894994,0.014163306319432686,0.0021637205564760276,0.014255383691887311,9.20773724546256e-05,4094,26743,1.0,False,False,0.9987789987789988,0.9987789987789988,False
ict_displacement_bearish,20,-1,0.9992673992673993,0.0009768009768009768,-0.014185537964754394,0.0008845519969678707,-0.01668099934199444,-0.0024954613772400474,4094,189952,1.0,False,False,0.0019536019536019536,0.01948249619482496,True
ict_displacement_bullish,20,1,0.9719169719169719,0.028327228327228327,0.014103352792809234,0.000706813131678921,0.012722468105147348,-0.0013808846876618864,4094,211931,1.0,False,False,0.056654456654456654,0.18152727272727273,False
ict_fvg_bearish_formed,20,-1,0.8893772893772893,0.11086691086691086,-0.014262728231529218,0.001344940153697475,-0.015891715325906736,-0.001628987094377518,4094,90534,1.0,False,False,0.22173382173382172,0.4288478310456332,False
ict_fvg_bullish_formed,20,1,0.976068376068376,0.024175824175824177,0.014134165446501623,0.001012707102672329,0.012104710338799831,-0.0020294551077017914,4094,111869,1.0,False,False,0.04835164835164835,0.16365173288250212,False
ict_liquidity_buyside_pool_formed,20,1,0.39096459096459096,0.6092796092796092,0.013533859895059714,0.0017915837984344165,0.014063847028922284,0.0005299871338625695,4094,58783,1.0,False,False,0.7819291819291819,0.8782000731045316,False
ict_liquidity_buyside_swept,20,1,0.7216117216117216,0.27863247863247864,0.013471238716678402,0.002042318258499207,0.012744309730655662,-0.0007269289860227408,4094,44150,1.0,False,False,0.5572649572649573,0.7346714043343257,False
ict_liquidity_sellside_pool_formed,20,-1,0.9924297924297925,0.007814407814407814,-0.013811053297811305,0.002006782546152823,-0.017293576849990385,-0.0034825235521790798,4094,51479,1.0,False,False,0.01562881562881563,0.07599756619364462,False
ict_liquidity_sellside_swept,20,-1,0.9992673992673993,0.0009768009768009768,-0.013909323995075416,0.002487654232075251,-0.019247551750697006,-0.0053382277556215905,4094,32785,1.0,False,False,0.0019536019536019536,0.01948249619482496,True
ict_mss_bearish,20,-1,0.8517704517704517,0.14847374847374847,-0.014217675122283183,0.002417573444164292,-0.015875063356587043,-0.0016573882343038603,4094,36469,1.0,False,False,0.29694749694749695,0.5124106640489388,False
ict_mss_bullish,20,1,0.4449328449328449,0.5553113553113553,0.013907301944920004,0.003074763388122709,0.014303427450424497,0.0003961255055044931,4094,36403,1.0,False,False,0.8898656898656898,0.9267240320494758,False
ict_nwog_gap_down,20,-1,0.3648351648351648,0.6354090354090354,-0.01407222475866836,0.001562646194733578,-0.013542622727919201,0.000529602030749159,4094,130422,1.0,False,False,0.7296703296703296,0.8393593334769806,False
ict_nwog_gap_up,20,1,0.046153846153846156,0.9540903540903541,0.014120469737878479,0.0014524090277248831,0.01662305790492217,0.0025025881670436897,4094,146898,1.0,False,False,0.09230769230769231,0.24615384615384617,False
ict_ob_bearish_formed,20,-1,0.9477411477411477,0.052503052503052504,-0.014226786587541182,0.002694560502349644,-0.01817729121062017,-0.0039505046230789865,4094,22372,1.0,False,False,0.10500610500610501,0.25668159001492336,False
ict_ob_bearish_mitigated,20,1,0.6937728937728938,0.3064713064713065,0.013692149412809386,0.0024604363457166887,0.01272723163374973,-0.0009649177790596562,4094,20074,1.0,False,False,0.612942612942613,0.7760999991215819,False
ict_ob_bullish_formed,20,1,0.926984126984127,0.07326007326007326,0.013941535307766355,0.001381284678069346,0.011968956731247826,-0.00197257857651853,4094,32461,1.0,False,False,0.14652014652014653,0.32234432234432236,False
ict_ob_bullish_mitigated,20,-1,0.991941391941392,0.008302808302808303,-0.01424451067037977,0.004443799129908898,-0.02355559646610393,-0.009311085795724162,4094,20512,1.0,False,False,0.016605616605616606,0.07691022427864533,False
ict_sweep_buyside_bearish,20,-1,0.02612942612942613,0.9741147741147741,-0.013966651381383763,0.0019754373211028392,-0.011383698958397078,0.002582952422986685,4094,65302,1.0,False,False,0.05225885225885226,0.17268030115488128,False
ict_sweep_sellside_bullish,20,1,0.0014652014652014652,0.9987789987789988,0.013981219929519347,0.003428382994904882,0.01905397201181456,0.005072752082295212,4094,49087,0.5157509157509157,False,False,0.0029304029304029304,0.02565987303708654,False
ict_volume_imbalance_bearish,20,-1,0.9931623931623932,0.007081807081807082,-0.014095097540508708,0.0011751906083874765,-0.016910604240747466,-0.002815506700238758,4094,84372,1.0,False,False,0.014163614163614164,0.07021960824777726,False
ict_volume_imbalance_bullish,20,1,0.9665445665445666,0.0336996336996337,0.013913066131943867,0.0009818247408867932,0.012105080372640705,-0.0018079857593031618,4094,117261,1.0,False,False,0.0673992673992674,0.19607059607059607,False
smc_equal_highs,20,-1,0.8356532356532357,0.1645909645909646,-0.013830986000365612,0.0013311675799109037,-0.015075342559101411,-0.0012443565587357992,4094,10461,1.0,False,False,0.3291819291819292,0.5389397166141352,False
smc_equal_lows,20,1,0.5594627594627595,0.44078144078144077,0.01388251718314132,0.0017221643555148825,0.013587675514037832,-0.00029484166910348844,4094,9314,1.0,False,False,0.8815628815628815,0.9208015854900128,False
smc_fvg_bearish_formed,20,-1,0.9965811965811966,0.003663003663003663,-0.013989039506632356,0.0020928373906229053,-0.020201558449805222,-0.006212518943172866,4094,67509,1.0,False,False,0.007326007326007326,0.04734895191122072,True
smc_fvg_bullish_formed,20,1,0.3916971916971917,0.6085470085470085,0.013788492925260262,0.0018252461668460463,0.014264131747374528,0.000475638822114266,4094,67681,1.0,False,False,0.7833943833943834,0.8782000731045316,False
smc_internal_bos_bearish,20,-1,1.0,0.0002442002442002442,-0.014254229743901174,0.004376262183592542,-0.02253318472497562,-0.008278954981074445,4094,16509,1.0,False,False,0.0004884004884004884,0.008767123287671232,True
smc_internal_bos_bullish,20,1,0.98998778998779,0.010256410256410256,0.01409331591926284,0.0028598533128479436,0.010311089364240973,-0.0037822265550218667,4094,31862,1.0,False,False,0.020512820512820513,0.08699413036762434,False
smc_internal_choch_bearish,20,-1,0.7396825396825397,0.2605616605616606,-0.014244049041698008,0.0026719288543635917,-0.015363484360819668,-0.0011194353191216599,4094,26265,1.0,False,False,0.5211233211233212,0.7165445665445666,False
smc_internal_choch_bullish,20,1,0.44004884004884004,0.5601953601953602,0.013805998225597802,0.003362485977390046,0.014406413550771909,0.0006004153251741064,4094,26334,1.0,False,False,0.8800976800976801,0.9208015854900128,False
smc_internal_ob_bearish_formed,20,-1,0.9892551892551893,0.01098901098901099,-0.014248809872972387,0.0018653288510683825,-0.018130693022900622,-0.0038818831499282357,4094,42774,1.0,False,False,0.02197802197802198,0.09101486748545573,False
smc_internal_ob_bearish_mitigated,20,1,0.6708180708180708,0.3294261294261294,0.013797510010148544,0.001837039936744537,0.013136032348661652,-0.0006614776614868919,4094,38033,1.0,False,False,0.6588522588522588,0.8024774917508481,False
smc_internal_ob_bullish_formed,20,1,0.947985347985348,0.05225885225885226,0.013963113609478682,0.00113025612961331,0.012164245373727978,-0.001798868235750704,4094,58196,1.0,False,False,0.10451770451770452,0.25668159001492336,False
smc_internal_ob_bullish_mitigated,20,-1,0.9677655677655678,0.03247863247863248,-0.014260999056560142,0.0031263758857937108,-0.019548734275920625,-0.005287735219360483,4094,39518,1.0,False,False,0.06495726495726496,0.19302405893864394,False
smc_swing_bos_bearish,20,-1,0.76996336996337,0.23028083028083027,-0.013842067968312534,0.00841517313642471,-0.019318703604148276,-0.005476635635835742,4094,1243,1.0,False,False,0.46056166056166054,0.659015059015059,False
smc_swing_bos_bullish,20,1,0.7948717948717948,0.20537240537240536,0.013961725684932516,0.003598499948013267,0.011724810267110405,-0.002236915417822111,4094,4566,1.0,False,False,0.41074481074481073,0.6103693428125542,False
smc_swing_choch_bearish,20,-1,0.9418803418803419,0.058363858363858365,-0.014250795975476137,0.006602566156176568,-0.023139015901468028,-0.00888821992599189,4094,2643,1.0,False,False,0.11672771672771673,0.2818235562387041,False
smc_swing_choch_bullish,20,1,0.705982905982906,0.29426129426129427,0.01339649379347281,0.005676402763939088,0.01195758833066092,-0.0014389054628118902,4094,2693,1.0,False,False,0.5885225885225885,0.763494935392418,False
smc_swing_ob_bearish_formed,20,-1,0.9352869352869353,0.06495726495726496,-0.014126428254976023,0.006235515466056349,-0.02191702717641181,-0.007790598921435788,4094,3886,1.0,False,False,0.12991452991452992,0.29830990926881334,False
smc_swing_ob_bearish_mitigated,20,1,0.4945054945054945,0.5057387057387057,0.013471005639860855,0.0048234139117939,0.013746946304354222,0.00027594066449336714,4094,3348,1.0,False,False,0.989010989010989,0.9962241194566382,False
smc_swing_ob_bullish_formed,20,1,0.8087912087912088,0.19145299145299147,0.013750813224121656,0.0031025976599847495,0.011811168074679152,-0.0019396451494425038,4094,7259,1.0,False,False,0.38290598290598293,0.5850836081698779,False
smc_swing_ob_bullish_mitigated,20,-1,0.9946275946275946,0.005616605616605617,-0.013960116340926088,0.009425852944778268,-0.0375239450649096,-0.023563828723983514,4094,3393,1.0,False,False,0.011233211233211233,0.06110419261104192,False
ict_bos_bearish,40,-1,1.0,0.0002466091245376079,-0.028719714450186958,0.004294984648429884,-0.039298386592131744,-0.010578672141944787,4054,42084,1.0,False,False,0.0004932182490752158,0.008767123287671232,True
ict_bos_bullish,40,1,1.0,0.0002466091245376079,0.02781443870692447,0.003090073480177703,0.020552173188609642,-0.007262265518314829,4054,80182,1.0,False,False,0.0004932182490752158,0.008767123287671232,True
ict_bpr_bearish,40,-1,0.8727496917385943,0.1274969173859433,-0.028509214569242703,0.0019225256336703816,-0.030524716179614966,-0.0020155016103722626,4054,26016,1.0,False,False,0.2549938347718866,0.47866394353817127,False
ict_bpr_bullish,40,1,0.27398273736128237,0.7262638717632552,0.028384269631719736,0.0028169384783632893,0.02967734311669239,0.0012930734849726545,4054,26667,1.0,False,False,0.5479654747225647,0.7311930502459544,False
ict_displacement_bearish,40,-1,0.9913686806411838,0.008877928483353885,-0.028319040961572884,0.0012507204668471216,-0.03136330425925431,-0.003044263297681423,4054,188852,1.0,False,False,0.01775585696670777,0.08012899554206583,False
ict_displacement_bullish,40,1,0.9627620221948212,0.0374845869297164,0.028162561657771222,0.001042377721610677,0.02644110396634998,-0.0017214576914212423,4054,211050,1.0,False,False,0.0749691738594328,0.21630450162721593,False
ict_fvg_bearish_formed,40,-1,0.967940813810111,0.032305795314426636,-0.028466696520840676,0.0018487938218011669,-0.03212033071662621,-0.0036536341957855364,4054,90045,1.0,False,False,0.06461159062885327,0.19302405893864394,False
ict_fvg_bullish_formed,40,1,0.9896424167694204,0.010604192355117139,0.028240247808415452,0.0013777102863529681,0.02522438989468022,-0.0030158579137352336,4054,111418,1.0,False,False,0.021208384710234278,0.08887323116669602,False
ict_liquidity_buyside_pool_formed,40,1,0.306288532675709,0.6939580764488286,0.027014468315165043,0.003211545763305219,0.028481396613125855,0.0014669282979608116,4054,58468,1.0,False,False,0.612577065351418,0.7760999991215819,False
ict_liquidity_buyside_swept,40,1,0.7484586929716399,0.25178791615289764,0.026885101637877974,0.0034781850424275462,0.025835341021318268,-0.0010497606165597063,4054,43957,1.0,False,False,0.5035758323057953,0.7006272449471934,False
ict_liquidity_sellside_pool_formed,40,-1,0.9802712700369913,0.01997533908754624,-0.027597283771597658,0.0033911482506869877,-0.03275076247189442,-0.0051534787002967646,4054,51136,1.0,False,False,0.03995067817509248,0.14204685573366216,False
ict_liquidity_sellside_swept,40,-1,0.9945745992601727,0.005672009864364982,-0.02779232496626445,0.00395831445030715,-0.035902949091304676,-0.008110624125040225,4054,32542,1.0,False,False,0.011344019728729964,0.06110419261104192,False
ict_mss_bearish,40,-1,0.8503082614056721,0.1499383477188656,-0.028268447945096167,0.002735381863626919,-0.03023963971901905,-0.0019711917739228847,4054,36228,1.0,False,False,0.2998766954377312,0.5124106640489388,False
ict_mss_bullish,40,1,0.5713933415536375,0.42885326757090014,0.027937396493559953,0.003312792964801847,0.027813820500677242,-0.00012357599288271084,4054,36258,1.0,False,False,0.8577065351418003,0.910029425112357,False
ict_nwog_gap_down,40,-1,0.65154130702836,0.34870530209617756,-0.028081200068825495,0.0021926361360162954,-0.028889449864044063,-0.0008082497952185685,4054,129624,1.0,False,False,0.6974106041923551,0.8265607160798283,False
ict_nwog_gap_up,40,1,0.030579531442663378,0.9696670776818742,0.028170569090381594,0.001977555978799277,0.032023876967793345,0.003853307877411751,4054,146465,1.0,False,False,0.061159062885326756,0.1888420187336405,False
ict_ob_bearish_formed,40,-1,0.9741060419235512,0.026140567200986436,-0.028463954400805156,0.0036287368264867827,-0.03468896747271502,-0.006225013071909865,4054,22216,1.0,False,False,0.05228113440197287,0.17268030115488128,False
ict_ob_bearish_mitigated,40,1,0.9070283600493219,0.09321824907521578,0.02727732520446902,0.0036800071512549256,0.02260875964012758,-0.004668565564341441,4054,19971,1.0,False,False,0.18643649815043156,0.38154446133111575,False
ict_ob_bullish_formed,40,1,0.9940813810110974,0.006165228113440197,0.027824698822828016,0.0019001202571065619,0.022163759354530917,-0.005660939468297099,4054,32328,1.0,False,False,0.012330456226880395,0.06478090435614775,False
ict_ob_bullish_mitigated,40,-1,0.9686806411837238,0.03156596794081381,-0.028463357621508867,0.006007012569972011,-0.03937877091100876,-0.010915413289499895,4054,20398,1.0,False,False,0.06313193588162762,0.19302405893864394,False
ict_sweep_buyside_bearish,40,-1,0.01627620221948212,0.9839704069050554,-0.027771079558733834,0.002567742738789973,-0.023469384074740293,0.004301695483993541,4054,65001,1.0,False,False,0.03255240443896424,0.12320910067220874,False
ict_sweep_sellside_bullish,40,1,0.047102342786683106,0.9531442663378545,0.028083936224607475,0.004383558918041366,0.03290674413815765,0.004822807913550171,4054,48881,1.0,False,False,0.09420468557336621,0.24810970139689864,False
ict_volume_imbalance_bearish,40,-1,1.0,0.0002466091245376079,-0.028115711160161826,0.001672077943038399,-0.03402868379335806,-0.0059129726331962305,4054,83943,1.0,False,False,0.0004932182490752158,0.008767123287671232,True
ict_volume_imbalance_bullish,40,1,0.9997533908754624,0.0004932182490752158,0.02777368148474719,0.0013147483024690935,0.024133564542612385,-0.003640116942134803,4054,116756,1.0,False,False,0.0009864364981504315,0.012860209161072292,True
smc_equal_highs,40,-1,0.8258939580764488,0.17435265104808878,-0.027607240329737995,0.001992584679975403,-0.029354821748367513,-0.001747581418629518,4054,10409,1.0,False,False,0.34870530209617756,0.5630470932929106,False
smc_equal_lows,40,1,0.6581997533908754,0.34204685573366217,0.02776351099154038,0.0026548496352490182,0.026698377474634098,-0.001065133516906281,4054,9271,1.0,False,False,0.6840937114673243,0.8246609124537608,False
smc_fvg_bearish_formed,40,-1,1.0,0.0002466091245376079,-0.02789044252985158,0.003107083659198727,-0.03915736800041041,-0.011266925470558832,4054,67005,1.0,False,False,0.0004932182490752158,0.008767123287671232,True
smc_fvg_bullish_formed,40,1,0.15437731196054255,0.8458692971639951,0.027549498681982528,0.002955066454947406,0.03014105195752904,0.0025915532755465126,4054,67243,1.0,False,False,0.3087546239210851,0.517999284964652,False
smc_internal_bos_bearish,40,-1,1.0,0.0002466091245376079,-0.028683662043696136,0.006019343853303399,-0.04066787350326251,-0.011984211459566373,4054,16388,1.0,False,False,0.0004932182490752158,0.008767123287671232,True
smc_internal_bos_bullish,40,1,0.9933415536374846,0.0069050554870530205,0.027992551151232344,0.0041101469273063665,0.020976395934701183,-0.007016155216531161,4054,31739,1.0,False,False,0.013810110974106041,0.07021960824777726,False
smc_internal_choch_bearish,40,-1,0.6717632552404439,0.3284833538840937,-0.02832131730278762,0.0034244358883037712,-0.029250049892410392,-0.0009287325896227723,4054,26121,1.0,False,False,0.6569667077681874,0.8024774917508481,False
smc_internal_choch_bullish,40,1,0.7237977805178791,0.2764488286066584,0.027740194016355177,0.00438914119253401,0.02675062757115707,-0.0009895664451981083,4054,26212,1.0,False,False,0.5528976572133169,0.7316540426281486,False
smc_internal_ob_bearish_formed,40,-1,0.9923551171393341,0.007891491985203452,-0.028461733098283832,0.0023821646553580074,-0.03365183053497184,-0.005190097436688006,4054,42509,1.0,False,False,0.015782983970406905,0.07599756619364462,False
smc_internal_ob_bearish_mitigated,40,1,0.9057953144266337,0.09445129469790382,0.027541412461995603,0.0027284611238462225,0.024231884861359625,-0.003309527600635978,4054,37834,1.0,False,False,0.18890258939580765,0.38435671368395546,False
smc_internal_ob_bullish_formed,40,1,0.9965474722564734,0.0036991368680641184,0.027877782920772115,0.0015638407810352904,0.023588156899219163,-0.004289626021552952,4054,57951,1.0,False,False,0.007398273736128237,0.04734895191122072,True
smc_internal_ob_bullish_mitigated,40,-1,0.9526510480887793,0.04759556103575832,-0.02846490647473914,0.004187893272555751,-0.035330741383910784,-0.0068658349091716454,4054,39279,1.0,False,False,0.09519112207151664,0.24810970139689864,False
smc_swing_bos_bearish,40,-1,0.8651048088779285,0.13514180024660913,-0.027636016828393294,0.013780078305917485,-0.039505429338705995,-0.011869412510312701,4054,1236,1.0,False,False,0.27028360049321826,0.4904114813072826,False
smc_swing_bos_bullish,40,1,0.9711467324290999,0.029099876695437732,0.027785646957858356,0.005698351010831972,0.019244159752836918,-0.008541487205021438,4054,4550,1.0,False,False,0.058199753390875464,0.18317025440313112,False
smc_swing_choch_bearish,40,-1,0.9210850801479655,0.07916152897657214,-0.028569213634670434,0.009213456902292534,-0.03947758499165159,-0.010908371356981156,4054,2627,1.0,False,False,0.15832305795314427,0.336953292622545,False
smc_swing_choch_bullish,40,1,0.6451294697903822,0.35511713933415534,0.02642256327625607,0.009684323873617565,0.025668497672165516,-0.0007540656040905536,4054,2676,1.0,False,False,0.7102342786683107,0.8287945544276552,False
smc_swing_ob_bearish_formed,40,-1,0.9413070283600493,0.058939580764488284,-0.02828964620683965,0.008729663691414357,-0.0394864940294355,-0.011196847822595848,4054,3863,1.0,False,False,0.11787916152897657,0.2822684684231276,False
smc_swing_ob_bearish_mitigated,40,1,0.35141800246609123,0.6488286066584463,0.026563952532873192,0.007866507390925483,0.029392267941453585,0.002828315408580393,4054,3326,1.0,False,False,0.7028360049321825,0.8287945544276552,False
smc_swing_ob_bullish_formed,40,1,0.9418002466091245,0.05844636251541307,0.027278618659854842,0.0041111651687769386,0.021623280742613188,-0.005655337917241654,4054,7226,1.0,False,False,0.11689272503082614,0.2818235562387041,False
smc_swing_ob_bullish_mitigated,40,-1,0.9948212083847102,0.005425400739827373,-0.027910449643597065,0.013078478079283634,-0.060284071685965085,-0.03237362204236802,4054,3357,1.0,False,False,0.010850801479654747,0.060626700330769376,False
ict_bos_bearish,60,-1,1.0,0.00024906600249066,-0.042700077207707555,0.004855267409159598,-0.05881545999135823,-0.016115382783650677,4014,41757,1.0,False,False,0.00049813200498132,0.008767123287671232,True
ict_bos_bullish,60,1,0.9987546699875467,0.0014943960149439602,0.04122004514666262,0.0034604405309887985,0.03323657681914266,-0.007983468327519963,4014,79940,1.0,False,False,0.0029887920298879204,0.02565987303708654,True
ict_bpr_bearish,60,-1,0.9404732254047322,0.05977584059775841,-0.0422988740482778,0.002241668026304784,-0.04567665901034919,-0.0033777849620713896,4014,25916,1.0,False,False,0.11955168119551682,0.2824308173209525,False
ict_bpr_bullish,60,1,0.5922789539227895,0.40797011207970113,0.042190498888472414,0.0032946814480040052,0.04162821650891247,-0.0005622823795599433,4014,26497,1.0,False,False,0.8159402241594023,0.8934721744240043,False
ict_displacement_bearish,60,-1,0.9945205479452055,0.00572851805728518,-0.04202931588154347,0.0015600691236604565,-0.04652063793032275,-0.004491322048779285,4014,187887,1.0,False,False,0.01145703611457036,0.06110419261104192,False
ict_displacement_bullish,60,1,0.9805728518057285,0.019676214196762142,0.04179935553137142,0.0014081650582414664,0.039160826286003134,-0.0026385292453682888,4014,209902,1.0,False,False,0.039352428393524284,0.14134749790327092,False
ict_fvg_bearish_formed,60,-1,0.999252801992528,0.00099626400996264,-0.042261586852120864,0.002251784427425208,-0.049645476865410196,-0.007383890013289332,4014,89572,1.0,False,False,0.00199252801992528,0.01948249619482496,True
ict_fvg_bullish_formed,60,1,0.9957658779576588,0.00448318804483188,0.04192702809242202,0.0017438241832416397,0.03735733677172454,-0.004569691320697476,4014,110888,1.0,False,False,0.00896637608966376,0.05461486638221424,False
ict_liquidity_buyside_pool_formed,60,1,0.2692403486924035,0.7310087173100872,0.04012628050803013,0.004575332954400458,0.04242234835307027,0.002296067845040141,4014,58159,1.0,False,False,0.538480697384807,0.7290200210748156,False
ict_liquidity_buyside_swept,60,1,0.6884184308841843,0.31183063511830633,0.039931345442772596,0.004863711069146737,0.039153471890572375,-0.0007778735522002214,4014,43710,1.0,False,False,0.6236612702366127,0.7812411641398137,False
ict_liquidity_sellside_pool_formed,60,-1,0.9902864259028643,0.009962640099626401,-0.04100241542089494,0.004586654364997606,-0.048559589104414116,-0.007557173683519179,4014,50809,1.0,False,False,0.019925280199252802,0.08658887197699984,False
ict_liquidity_sellside_swept,60,-1,0.9987546699875467,0.0014943960149439602,-0.04128139481256682,0.0051653661511495705,-0.05396218319985659,-0.012680788387289775,4014,32341,1.0,False,False,0.0029887920298879204,0.02565987303708654,True
ict_mss_bearish,60,-1,0.9491905354919054,0.05105853051058531,-0.04187345714687964,0.002959787193776482,-0.04535114350603972,-0.0034776863591600773,4014,36095,1.0,False,False,0.10211706102117062,0.25668159001492336,False
ict_mss_bullish,60,1,0.851307596513076,0.1489414694894147,0.04155441603115259,0.0034935383181488684,0.039589927156976984,-0.0019644888741756072,4014,35937,1.0,False,False,0.2978829389788294,0.5124106640489388,False
ict_nwog_gap_down,60,-1,0.8679950186799502,0.13225404732254048,-0.04170013494617623,0.0028107651340212023,-0.0447928910421037,-0.0030927560959274694,4014,129152,1.0,False,False,0.26450809464508096,0.4872912127814089,False
ict_nwog_gap_up,60,1,0.07123287671232877,0.9290161892901619,0.04177927785350005,0.00249288029708234,0.04554192881958007,0.003762650966080021,4014,145475,1.0,False,False,0.14246575342465753,0.3173920582625282,False
ict_ob_bearish_formed,60,-1,0.9955168119551682,0.004732254047322541,-0.042285560844450676,0.004198679723986165,-0.052139123950982524,-0.009853563106531849,4014,22106,1.0,False,False,0.009464508094645082,0.05461486638221424,False
ict_ob_bearish_mitigated,60,1,0.8635118306351183,0.13673723536737237,0.04045870860874876,0.0047920096917245395,0.03573587191536724,-0.00472283669338152,4014,19892,1.0,False,False,0.27347447073474473,0.49365648050579564,False
ict_ob_bullish_formed,60,1,0.988293897882939,0.011955168119551681,0.04127432479950479,0.002398965887523294,0.0341344121025232,-0.007139912696981589,4014,32200,1.0,False,False,0.023910336239103363,0.09653686316761581,False
ict_ob_bullish_mitigated,60,-1,1.0,0.00024906600249066,-0.04229132691009619,0.007081413901860956,-0.07002073071223835,-0.027729403802142165,4014,20294,1.0,False,False,0.00049813200498132,0.008767123287671232,True
ict_sweep_buyside_bearish,60,-1,0.08144458281444583,0.9188044831880449,-0.041135297114804875,0.00292533435853744,-0.037891662248503453,0.0032436348663014217,4014,64856,1.0,False,False,0.16288916562889166,0.3412915851272016,False
ict_sweep_sellside_bullish,60,1,0.052303860523038606,0.947945205479452,0.04180476906231969,0.004761216029939795,0.047912063272028585,0.006107294209708895,4014,48478,1.0,False,False,0.10460772104607721,0.25668159001492336,False
ict_volume_imbalance_bearish,60,-1,1.0,0.00024906600249066,-0.041717117251311706,0.0020692334845200775,-0.049499781942137146,-0.00778266469082544,4014,83425,1.0,False,False,0.00049813200498132,0.008767123287671232,True
ict_volume_imbalance_bullish,60,1,0.9955168119551682,0.004732254047322541,0.041219220062621985,0.001741865458595336,0.0366800287106386,-0.004539191351983385,4014,116177,1.0,False,False,0.009464508094645082,0.05461486638221424,False
smc_equal_highs,60,-1,0.31332503113325033,0.6869240348692404,-0.041001444814697155,0.0026656354834674687,-0.03976041146413583,0.0012410333505613255,4014,10354,1.0,False,False,0.6266500622665007,0.7822014961624405,False
smc_equal_lows,60,1,0.9349937733499377,0.06525529265255292,0.04117811168457748,0.003568457447944179,0.0356812118293691,-0.005496899855208383,4014,9201,1.0,False,False,0.13051058530510584,0.29830990926881334,False
smc_fvg_bearish_formed,60,-1,1.0,0.00024906600249066,-0.04140603808916777,0.0039307189763955605,-0.061396167061166206,-0.019990128971998436,4014,66537,1.0,False,False,0.00049813200498132,0.008767123287671232,True
smc_fvg_bullish_formed,60,1,0.2054794520547945,0.7947696139476962,0.04091689241827287,0.003913382984780652,0.043690742761003924,0.002773850342731053,4014,66786,1.0,False,False,0.410958904109589,0.6103693428125542,False
smc_internal_bos_bearish,60,-1,1.0,0.00024906600249066,-0.04277232327345849,0.00657402425713647,-0.058103076002178435,-0.015330752728719942,4014,16261,1.0,False,False,0.00049813200498132,0.008767123287671232,True
smc_internal_bos_bullish,60,1,0.9880448318804483,0.012204234122042341,0.041425803032608274,0.004710033313603561,0.03325510659325545,-0.008170696439352823,4014,31673,1.0,False,False,0.024408468244084682,0.09653686316761581,False
smc_internal_choch_bearish,60,-1,0.8518057285180572,0.14844333748443336,-0.04190966986342747,0.003669003020325174,-0.04450708963847191,-0.002597419775044435,4014,26008,1.0,False,False,0.2968866749688667,0.5124106640489388,False
smc_internal_choch_bullish,60,1,0.9207970112079701,0.07945205479452055,0.04129616809063317,0.004632989577524468,0.03813591349615919,-0.0031602545944739782,4014,26016,1.0,False,False,0.1589041095890411,0.336953292622545,False
smc_internal_ob_bearish_formed,60,-1,0.9995018679950187,0.0007471980074719801,-0.0422413400787617,0.0027301861134846764,-0.049737502807939635,-0.007496162729177934,4014,42269,1.0,False,False,0.0014943960149439602,0.01643835616438356,True
smc_internal_ob_bearish_mitigated,60,1,0.8565379825653798,0.14371108343711084,0.04087514188288535,0.003572974147646642,0.03774157379500517,-0.0031335680878801786,4014,37632,1.0,False,False,0.2874221668742217,0.5067505443987418,False
smc_internal_ob_bullish_formed,60,1,0.9932752179327522,0.006973848069738481,0.04136543056308529,0.00200777511930299,0.03545620337749411,-0.005909227185591177,4014,57689,1.0,False,False,0.013947696139476962,0.07021960824777726,False
smc_internal_ob_bullish_mitigated,60,-1,1.0,0.00024906600249066,-0.0422503019283599,0.004933682028893946,-0.060469267884121956,-0.018218965955762056,4014,39084,1.0,False,False,0.00049813200498132,0.008767123287671232,True
smc_swing_bos_bearish,60,-1,0.9711083437110835,0.029140722291407222,-0.04094645847031121,0.019342890311998404,-0.06579627196821415,-0.02484981349790294,4014,1224,1.0,False,False,0.058281444582814444,0.18317025440313112,False
smc_swing_bos_bullish,60,1,0.9676214196762142,0.03262764632627646,0.041280792114276293,0.007401030002120903,0.03131334666103849,-0.009967445453237807,4014,4539,1.0,False,False,0.06525529265255292,0.19302405893864394,False
smc_swing_choch_bearish,60,-1,0.9982565379825654,0.00199252801992528,-0.042509315104549444,0.011138841283441196,-0.07376854728423055,-0.0312592321796811,4014,2614,1.0,False,False,0.00398505603985056,0.031171993911719938,True
smc_swing_choch_bullish,60,1,0.4709838107098381,0.5292652552926526,0.03898583996492903,0.013788848759889984,0.04181583209042247,0.0028299921254934454,4014,2671,1.0,False,False,0.9419676214196762,0.9627147675859333,False
smc_swing_ob_bearish_formed,60,-1,1.0,0.00024906600249066,-0.04205110294900309,0.010744239413805807,-0.07122606031528733,-0.02917495736628424,4014,3838,1.0,False,False,0.00049813200498132,0.008767123287671232,True
smc_swing_ob_bearish_mitigated,60,1,0.2224159402241594,0.7778331257783313,0.03913194073134387,0.010622652442340895,0.0455742402206184,0.006442299489274529,4014,3312,1.0,False,False,0.4448318804483188,0.644365522295507,False
smc_swing_ob_bullish_formed,60,1,0.8839352428393524,0.11631382316313824,0.04042857747551792,0.004580848048346357,0.03520407323272844,-0.005224504242789474,4014,7210,1.0,False,False,0.23262764632627647,0.4474586421139307,False
smc_swing_ob_bullish_mitigated,60,-1,1.0,0.00024906600249066,-0.04160611445327086,0.01570759715473067,-0.11304627438146855,-0.07144015992819769,4014,3329,1.0,False,False,0.00049813200498132,0.008767123287671232,True
