symbol,company,gics_sector,gics_sub_industry,date_added,yf_symbol,retrieved_utc
MMM,3M,Industrials,Industrial Conglomerates,1957-03-04,MMM,2026-09-08T20:50:03
AOS,A. O. Smith,Industrials,Building Products,2017-07-26,AOS,2026-09-08T20:50:03
ABT,Abbott Laboratories,Health Care,Health Care Equipment,1957-03-04,ABT,2026-09-08T20:50:03
ABBV,AbbVie,Health Care,Biotechnology,2012-12-31,ABBV,2026-09-08T20:50:03
ACN,Accenture,Information Technology,IT Consulting & Other Services,2011-07-06,ACN,2026-09-08T20:50:03
ADBE,Adobe Inc.,Information Technology,Application Software,1997-05-05,ADBE,2026-09-08T20:50:03
AMD,Advanced Micro Devices,Information Technology,Semiconductors,2017-03-20,AMD,2026-09-08T20:50:03
AES,AES Corporation,Utilities,Independent Power Producers & Energy Traders,1998-10-02,AES,2026-09-08T20:50:03
AFL,Aflac,Financials,Life & Health Insurance,1999-05-28,AFL,2026-09-08T20:50:03
A,Agilent Technologies,Health Care,Life Sciences Tools & Services,2000-06-05,A,2026-09-08T20:50:03
APD,Air Products,Materials,Industrial Gases,1985-04-30,APD,2026-09-08T20:50:03
ABNB,Airbnb,Consumer Discretionary,"Hotels, Resorts & Cruise Lines",2023-09-18,ABNB,2026-09-08T20:50:03
AKAM,Akamai Technologies,Information Technology,Internet Services & Infrastructure,2007-07-12,AKAM,2026-09-08T20:50:03
ALB,Albemarle Corporation,Materials,Specialty Chemicals,2016-07-01,ALB,2026-09-08T20:50:03
ARE,Alexandria Real Estate Equities,Real Estate,Office REITs,2017-03-20,ARE,2026-09-08T20:50:03
ALGN,Align Technology,Health Care,Health Care Supplies,2017-06-19,ALGN,2026-09-08T20:50:03
ALLE,Allegion,Industrials,Building Products,2013-12-02,ALLE,2026-09-08T20:50:03
LNT,Alliant Energy,Utilities,Electric Utilities,2016-07-01,LNT,2026-09-08T20:50:03
ALL,Allstate,Financials,Property & Casualty Insurance,1995-07-13,ALL,2026-09-08T20:50:03
GOOGL,Alphabet Inc. (Class A),Communication Services,Interactive Media & Services,2006-04-03,GOOGL,2026-09-08T20:50:03
GOOG,Alphabet Inc. (Class C),Communication Services,Interactive Media & Services,2014-04-03,GOOG,2026-09-08T20:50:03
MO,Altria,Consumer Staples,Tobacco,1957-03-04,MO,2026-09-08T20:50:03
AMZN,Amazon,Consumer Discretionary,Broadline Retail,2005-11-18,AMZN,2026-09-08T20:50:03
AMCR,Amcor,Materials,Paper & Plastic Packaging Products & Materials,2019-06-07,AMCR,2026-09-08T20:50:03
AEE,Ameren,Utilities,Multi-Utilities,1991-09-19,AEE,2026-09-08T20:50:03
AEP,American Electric Power,Utilities,Electric Utilities,1957-03-04,AEP,2026-09-08T20:50:03
AXP,American Express,Financials,Consumer Finance,1976-06-30,AXP,2026-09-08T20:50:03
AIG,American International Group,Financials,Multi-line Insurance,1980-03-31,AIG,2026-09-08T20:50:03
AMT,American Tower,Real Estate,Telecom Tower REITs,2007-11-19,AMT,2026-09-08T20:50:03
AWK,American Water Works,Utilities,Water Utilities,2016-03-04,AWK,2026-09-08T20:50:03
AMP,Ameriprise Financial,Financials,Asset Management & Custody Banks,2005-10-03,AMP,2026-09-08T20:50:03
AME,Ametek,Industrials,Electrical Components & Equipment,2013-09-23,AME,2026-09-08T20:50:03
AMGN,Amgen,Health Care,Biotechnology,1992-01-02,AMGN,2026-09-08T20:50:03
APH,Amphenol,Information Technology,Electronic Components,2008-09-30,APH,2026-09-08T20:50:03
ADI,Analog Devices,Information Technology,Semiconductors,1999-10-12,ADI,2026-09-08T20:50:03
AON,Aon plc,Financials,Insurance Brokers,1996-04-23,AON,2026-09-08T20:50:03
APA,APA Corporation,Energy,Oil & Gas Exploration & Production,1997-07-28,APA,2026-09-08T20:50:03
APO,Apollo Global Management,Financials,Asset Management & Custody Banks,2024-12-23,APO,2026-09-08T20:50:03
AAPL,Apple Inc.,Information Technology,"Technology Hardware, Storage & Peripherals",1982-11-30,AAPL,2026-09-08T20:50:03
AMAT,Applied Materials,Information Technology,Semiconductor Materials & Equipment,1995-03-16,AMAT,2026-09-08T20:50:03
APP,AppLovin,Communication Services,Advertising,2025-09-22,APP,2026-09-08T20:50:03
APTV,Aptiv,Consumer Discretionary,Automotive Parts & Equipment,2012-12-24,APTV,2026-09-08T20:50:03
ACGL,Arch Capital Group,Financials,Property & Casualty Insurance,2022-11-01,ACGL,2026-09-08T20:50:03
ADM,Archer Daniels Midland,Consumer Staples,Agricultural Products & Services,1957-03-04,ADM,2026-09-08T20:50:03
ARES,Ares Management,Financials,Asset Management & Custody Banks,2025-12-11,ARES,2026-09-08T20:50:03
ANET,Arista Networks,Information Technology,Communications Equipment,2018-08-28,ANET,2026-09-08T20:50:03
AJG,Arthur J. Gallagher & Co.,Financials,Insurance Brokers,2016-05-31,AJG,2026-09-08T20:50:03
AIZ,Assurant,Financials,Multi-line Insurance,2007-04-10,AIZ,2026-09-08T20:50:03
T,AT&T,Communication Services,Integrated Telecommunication Services,1983-11-30,T,2026-09-08T20:50:03
ATO,Atmos Energy,Utilities,Gas Utilities,2019-02-15,ATO,2026-09-08T20:50:03
ADSK,Autodesk,Information Technology,Application Software,1989-12-01,ADSK,2026-09-08T20:50:03
ADP,Automatic Data Processing,Industrials,Human Resource & Employment Services,1981-03-31,ADP,2026-09-08T20:50:03
AZO,AutoZone,Consumer Discretionary,Automotive Retail,1997-01-02,AZO,2026-09-08T20:50:03
AVY,Avery Dennison,Materials,Paper & Plastic Packaging Products & Materials,1987-12-31,AVY,2026-09-08T20:50:03
AXON,Axon Enterprise,Industrials,Aerospace & Defense,2023-05-04,AXON,2026-09-08T20:50:03
BKR,Baker Hughes,Energy,Oil & Gas Equipment & Services,2017-07-07,BKR,2026-09-08T20:50:03
BALL,Ball Corporation,Materials,"Metal, Glass & Plastic Containers",1984-10-31,BALL,2026-09-08T20:50:03
BAC,Bank of America,Financials,Diversified Banks,1976-06-30,BAC,2026-09-08T20:50:03
BAX,Baxter International,Health Care,Health Care Equipment,1972-09-30,BAX,2026-09-08T20:50:03
BDX,Becton Dickinson,Health Care,Health Care Equipment,1972-09-30,BDX,2026-09-08T20:50:03
BRK.B,Berkshire Hathaway,Financials,Multi-Sector Holdings,2010-02-16,BRK-B,2026-09-08T20:50:03
BBY,Best Buy,Consumer Discretionary,Computer & Electronics Retail,1999-06-29,BBY,2026-09-08T20:50:03
TECH,Bio-Techne,Health Care,Life Sciences Tools & Services,2021-08-30,TECH,2026-09-08T20:50:03
BIIB,Biogen,Health Care,Biotechnology,2003-11-13,BIIB,2026-09-08T20:50:03
BLK,BlackRock,Financials,Asset Management & Custody Banks,2011-04-04,BLK,2026-09-08T20:50:03
BX,Blackstone Inc.,Financials,Asset Management & Custody Banks,2023-09-18,BX,2026-09-08T20:50:03
XYZ,"Block, Inc.",Financials,Transaction & Payment Processing Services,2025-07-23,XYZ,2026-09-08T20:50:03
BNY,BNY Mellon,Financials,Asset Management & Custody Banks,1995-03-31,BNY,2026-09-08T20:50:03
BA,Boeing,Industrials,Aerospace & Defense,1957-03-04,BA,2026-09-08T20:50:03
BKNG,Booking Holdings,Consumer Discretionary,"Hotels, Resorts & Cruise Lines",2009-11-06,BKNG,2026-09-08T20:50:03
BSX,Boston Scientific,Health Care,Health Care Equipment,1995-02-24,BSX,2026-09-08T20:50:03
BMY,Bristol Myers Squibb,Health Care,Pharmaceuticals,1957-03-04,BMY,2026-09-08T20:50:03
AVGO,Broadcom,Information Technology,Semiconductors,2014-05-08,AVGO,2026-09-08T20:50:03
BR,Broadridge Financial Solutions,Industrials,Data Processing & Outsourced Services,2018-06-18,BR,2026-09-08T20:50:03
BRO,Brown & Brown,Financials,Insurance Brokers,2021-09-20,BRO,2026-09-08T20:50:03
BF.B,Brown–Forman,Consumer Staples,Distillers & Vintners,1982-10-31,BF-B,2026-09-08T20:50:03
BLDR,Builders FirstSource,Industrials,Building Products,2023-12-18,BLDR,2026-09-08T20:50:03
BG,Bunge Global,Consumer Staples,Agricultural Products & Services,2023-03-15,BG,2026-09-08T20:50:03
BXP,"BXP, Inc.",Real Estate,Office REITs,2006-04-03,BXP,2026-09-08T20:50:03
CHRW,C.H. Robinson,Industrials,Air Freight & Logistics,2007-03-02,CHRW,2026-09-08T20:50:03
CDNS,Cadence Design Systems,Information Technology,Application Software,2017-09-18,CDNS,2026-09-08T20:50:03
CPT,Camden Property Trust,Real Estate,Multi-Family Residential REITs,2022-04-04,CPT,2026-09-08T20:50:03
COF,Capital One,Financials,Consumer Finance,1998-07-01,COF,2026-09-08T20:50:03
CAH,Cardinal Health,Health Care,Health Care Distributors,1997-05-27,CAH,2026-09-08T20:50:03
CCL,Carnival Corporation,Consumer Discretionary,"Hotels, Resorts & Cruise Lines",1998-12-22,CCL,2026-09-08T20:50:03
CARR,Carrier Global,Industrials,Building Products,2020-04-03,CARR,2026-09-08T20:50:03
CVNA,Carvana,Consumer Discretionary,Automotive Retail,2025-12-22,CVNA,2026-09-08T20:50:03
CASY,Casey's,Consumer Staples,Food Retail,2026-04-09,CASY,2026-09-08T20:50:03
CAT,Caterpillar Inc.,Industrials,Construction Machinery & Heavy Transportation Equipment,1957-03-04,CAT,2026-09-08T20:50:03
CBOE,Cboe Global Markets,Financials,Financial Exchanges & Data,2017-03-01,CBOE,2026-09-08T20:50:03
CBRE,CBRE Group,Real Estate,Real Estate Services,2006-11-10,CBRE,2026-09-08T20:50:03
CDW,CDW Corporation,Information Technology,Technology Distributors,2019-09-23,CDW,2026-09-08T20:50:03
COR,Cencora,Health Care,Health Care Distributors,2001-08-30,COR,2026-09-08T20:50:03
CNC,Centene Corporation,Health Care,Managed Health Care,2016-03-30,CNC,2026-09-08T20:50:03
CNP,CenterPoint Energy,Utilities,Multi-Utilities,1985-07-31,CNP,2026-09-08T20:50:03
CF,CF Industries,Materials,Fertilizers & Agricultural Chemicals,2008-08-27,CF,2026-09-08T20:50:03
CRL,Charles River Laboratories,Health Care,Life Sciences Tools & Services,2021-05-14,CRL,2026-09-08T20:50:03
SCHW,Charles Schwab Corporation,Financials,Investment Banking & Brokerage,1997-06-02,SCHW,2026-09-08T20:50:03
CHTR,Charter Communications,Communication Services,Cable & Satellite,2016-09-08,CHTR,2026-09-08T20:50:03
CVX,Chevron Corporation,Energy,Integrated Oil & Gas,1957-03-04,CVX,2026-09-08T20:50:03
CMG,Chipotle Mexican Grill,Consumer Discretionary,Restaurants,2011-04-28,CMG,2026-09-08T20:50:03
CB,Chubb Limited,Financials,Property & Casualty Insurance,2010-07-15,CB,2026-09-08T20:50:03
CHD,Church & Dwight,Consumer Staples,Household Products,2015-12-29,CHD,2026-09-08T20:50:03
CIEN,Ciena,Information Technology,Communications Equipment,2026-02-09,CIEN,2026-09-08T20:50:03
CI,Cigna,Health Care,Health Care Services,1976-06-30,CI,2026-09-08T20:50:03
CINF,Cincinnati Financial,Financials,Property & Casualty Insurance,1997-12-18,CINF,2026-09-08T20:50:03
CTAS,Cintas,Industrials,Diversified Support Services,2001-03-01,CTAS,2026-09-08T20:50:03
CSCO,Cisco,Information Technology,Communications Equipment,1993-12-01,CSCO,2026-09-08T20:50:03
C,Citigroup,Financials,Diversified Banks,1988-05-31,C,2026-09-08T20:50:03
CFG,Citizens Financial Group,Financials,Regional Banks,2016-01-29,CFG,2026-09-08T20:50:03
CLX,Clorox,Consumer Staples,Household Products,1969-03-31,CLX,2026-09-08T20:50:03
CME,CME Group,Financials,Financial Exchanges & Data,2006-08-11,CME,2026-09-08T20:50:03
CMS,CMS Energy,Utilities,Multi-Utilities,1957-03-04,CMS,2026-09-08T20:50:03
KO,Coca-Cola Company (The),Consumer Staples,Soft Drinks & Non-alcoholic Beverages,1957-03-04,KO,2026-09-08T20:50:03
CTSH,Cognizant,Information Technology,IT Consulting & Other Services,2006-11-17,CTSH,2026-09-08T20:50:03
COHR,Coherent Corp.,Information Technology,Electronic Components,2026-03-23,COHR,2026-09-08T20:50:03
COIN,Coinbase,Financials,Financial Exchanges & Data,2025-05-19,COIN,2026-09-08T20:50:03
CL,Colgate-Palmolive,Consumer Staples,Household Products,1957-03-04,CL,2026-09-08T20:50:03
CMCSA,Comcast,Communication Services,Cable & Satellite,2002-11-19,CMCSA,2026-09-08T20:50:03
FIX,Comfort Systems USA,Industrials,Construction & Engineering,2025-12-22,FIX,2026-09-08T20:50:03
COP,ConocoPhillips,Energy,Oil & Gas Exploration & Production,1957-03-04,COP,2026-09-08T20:50:03
ED,Consolidated Edison,Utilities,Multi-Utilities,1957-03-04,ED,2026-09-08T20:50:03
STZ,Constellation Brands,Consumer Staples,Distillers & Vintners,2005-07-01,STZ,2026-09-08T20:50:03
CEG,Constellation Energy,Utilities,Electric Utilities,2022-02-02,CEG,2026-09-08T20:50:03
COO,Cooper Companies (The),Health Care,Health Care Supplies,2016-09-23,COO,2026-09-08T20:50:03
CPRT,Copart,Industrials,Diversified Support Services,2018-07-02,CPRT,2026-09-08T20:50:03
GLW,Corning Inc.,Information Technology,Electronic Components,1995-02-27,GLW,2026-09-08T20:50:03
CPAY,Corpay,Financials,Transaction & Payment Processing Services,2018-06-20,CPAY,2026-09-08T20:50:03
CTVA,Corteva,Materials,Fertilizers & Agricultural Chemicals,2019-06-03,CTVA,2026-09-08T20:50:03
CSGP,CoStar Group,Real Estate,Real Estate Services,2022-09-19,CSGP,2026-09-08T20:50:03
COST,Costco,Consumer Staples,Consumer Staples Merchandise Retail,1993-10-01,COST,2026-09-08T20:50:03
CRH,CRH plc,Materials,Construction Materials,2025-12-22,CRH,2026-09-08T20:50:03
CRWD,CrowdStrike,Information Technology,Systems Software,2024-06-24,CRWD,2026-09-08T20:50:03
CCI,Crown Castle,Real Estate,Telecom Tower REITs,2012-03-14,CCI,2026-09-08T20:50:03
CSX,CSX Corporation,Industrials,Rail Transportation,1957-03-04,CSX,2026-09-08T20:50:03
CMI,Cummins,Industrials,Construction Machinery & Heavy Transportation Equipment,1965-03-31,CMI,2026-09-08T20:50:03
CVS,CVS Health,Health Care,Health Care Services,1957-03-04,CVS,2026-09-08T20:50:03
DHR,Danaher Corporation,Health Care,Life Sciences Tools & Services,1998-11-18,DHR,2026-09-08T20:50:03
DRI,Darden Restaurants,Consumer Discretionary,Restaurants,1995-05-31,DRI,2026-09-08T20:50:03
DDOG,Datadog,Information Technology,Application Software,2025-07-09,DDOG,2026-09-08T20:50:03
DVA,DaVita,Health Care,Health Care Services,2008-07-31,DVA,2026-09-08T20:50:03
DECK,Deckers Brands,Consumer Discretionary,Footwear,2024-03-18,DECK,2026-09-08T20:50:03
DE,Deere & Company,Industrials,Agricultural & Farm Machinery,1957-03-04,DE,2026-09-08T20:50:03
DELL,Dell Technologies,Information Technology,"Technology Hardware, Storage & Peripherals",2024-09-23,DELL,2026-09-08T20:50:03
DAL,Delta Air Lines,Industrials,Passenger Airlines,2013-09-11,DAL,2026-09-08T20:50:03
DVN,Devon Energy,Energy,Oil & Gas Exploration & Production,2000-08-30,DVN,2026-09-08T20:50:03
DXCM,Dexcom,Health Care,Health Care Equipment,2020-05-12,DXCM,2026-09-08T20:50:03
FANG,Diamondback Energy,Energy,Oil & Gas Exploration & Production,2018-12-03,FANG,2026-09-08T20:50:03
DLR,Digital Realty,Real Estate,Data Center REITs,2016-05-18,DLR,2026-09-08T20:50:03
DG,Dollar General,Consumer Staples,Consumer Staples Merchandise Retail,2012-12-03,DG,2026-09-08T20:50:03
DLTR,Dollar Tree,Consumer Staples,Consumer Staples Merchandise Retail,2011-12-19,DLTR,2026-09-08T20:50:03
D,Dominion Energy,Utilities,Multi-Utilities,2016-11-30,D,2026-09-08T20:50:03
DPZ,Domino's,Consumer Discretionary,Restaurants,2020-05-12,DPZ,2026-09-08T20:50:03
DASH,DoorDash,Consumer Discretionary,Specialized Consumer Services,2025-03-24,DASH,2026-09-08T20:50:03
DOV,Dover Corporation,Industrials,Industrial Machinery & Supplies & Components,1985-10-31,DOV,2026-09-08T20:50:03
DOW,Dow Inc.,Materials,Commodity Chemicals,2019-04-01,DOW,2026-09-08T20:50:03
DHI,D. R. Horton,Consumer Discretionary,Homebuilding,2005-06-22,DHI,2026-09-08T20:50:03
DTE,DTE Energy,Utilities,Multi-Utilities,1957-03-04,DTE,2026-09-08T20:50:03
DUK,Duke Energy,Utilities,Electric Utilities,1976-06-30,DUK,2026-09-08T20:50:03
DD,DuPont,Industrials,Industrial Conglomerates,2019-06-03,DD,2026-09-08T20:50:03
ETN,Eaton Corporation,Industrials,Electrical Components & Equipment,1957-03-04,ETN,2026-09-08T20:50:03
EBAY,eBay Inc.,Consumer Discretionary,Broadline Retail,2002-07-22,EBAY,2026-09-08T20:50:03
ECHO,EchoStar,Communication Services,Wireless Telecommunication Services,2026-03-23,ECHO,2026-09-08T20:50:03
ECL,Ecolab,Materials,Specialty Chemicals,1989-01-31,ECL,2026-09-08T20:50:03
EIX,Edison International,Utilities,Electric Utilities,1957-03-04,EIX,2026-09-08T20:50:03
EW,Edwards Lifesciences,Health Care,Health Care Equipment,2011-04-01,EW,2026-09-08T20:50:03
ELV,Elevance Health,Health Care,Managed Health Care,2002-07-25,ELV,2026-09-08T20:50:03
EME,Emcor,Industrials,Construction & Engineering,2025-09-22,EME,2026-09-08T20:50:03
EMR,Emerson Electric,Industrials,Electrical Components & Equipment,1965-03-31,EMR,2026-09-08T20:50:03
ETR,Entergy,Utilities,Electric Utilities,1957-03-04,ETR,2026-09-08T20:50:03
EOG,EOG Resources,Energy,Oil & Gas Exploration & Production,2000-11-02,EOG,2026-09-08T20:50:03
EQT,EQT Corporation,Energy,Oil & Gas Exploration & Production,2022-10-03,EQT,2026-09-08T20:50:03
EFX,Equifax,Industrials,Research & Consulting Services,1997-06-19,EFX,2026-09-08T20:50:03
EQIX,Equinix,Real Estate,Data Center REITs,2015-03-20,EQIX,2026-09-08T20:50:03
ERIE,Erie Indemnity,Financials,Insurance Brokers,2024-09-23,ERIE,2026-09-08T20:50:03
ESS,Essex Property Trust,Real Estate,Multi-Family Residential REITs,2014-04-02,ESS,2026-09-08T20:50:03
EL,Estée Lauder Companies (The),Consumer Staples,Personal Care Products,2006-01-05,EL,2026-09-08T20:50:03
EG,Everest Group,Financials,Reinsurance,2017-06-19,EG,2026-09-08T20:50:03
EVRG,Evergy,Utilities,Electric Utilities,2018-06-05,EVRG,2026-09-08T20:50:03
ES,Eversource Energy,Utilities,Electric Utilities,2009-07-24,ES,2026-09-08T20:50:03
EXC,Exelon,Utilities,Electric Utilities,1957-03-04,EXC,2026-09-08T20:50:03
EXE,Expand Energy,Energy,Oil & Gas Exploration & Production,2025-03-24,EXE,2026-09-08T20:50:03
EXPE,Expedia Group,Consumer Discretionary,"Hotels, Resorts & Cruise Lines",2007-10-02,EXPE,2026-09-08T20:50:03
EXPD,Expeditors International,Industrials,Air Freight & Logistics,2007-10-10,EXPD,2026-09-08T20:50:03
EXR,Extra Space Storage,Real Estate,Self-Storage REITs,2016-01-19,EXR,2026-09-08T20:50:03
XOM,ExxonMobil,Energy,Integrated Oil & Gas,1957-03-04,XOM,2026-09-08T20:50:03
FFIV,"F5, Inc.",Information Technology,Communications Equipment,2010-12-20,FFIV,2026-09-08T20:50:03
FDS,FactSet,Financials,Financial Exchanges & Data,2021-12-20,FDS,2026-09-08T20:50:03
FICO,Fair Isaac,Information Technology,Application Software,2023-03-20,FICO,2026-09-08T20:50:03
FAST,Fastenal,Industrials,Trading Companies & Distributors,2008-09-15,FAST,2026-09-08T20:50:03
FRT,Federal Realty Investment Trust,Real Estate,Retail REITs,2016-02-01,FRT,2026-09-08T20:50:03
FDX,FedEx,Industrials,Air Freight & Logistics,1980-12-31,FDX,2026-09-08T20:50:03
FDXF,FedEx Freight,Industrials,Cargo Ground Transportation,2026-06-01,FDXF,2026-09-08T20:50:03
FERG,Ferguson Enterprises,Industrials,Trading Companies & Distributors,2026-08-05,FERG,2026-09-08T20:50:03
FIS,Fidelity National Information Services,Financials,Transaction & Payment Processing Services,2006-11-10,FIS,2026-09-08T20:50:03
FITB,Fifth Third Bancorp,Financials,Regional Banks,1996-03-29,FITB,2026-09-08T20:50:03
FSLR,First Solar,Information Technology,Semiconductors,2022-12-19,FSLR,2026-09-08T20:50:03
FE,FirstEnergy,Utilities,Electric Utilities,1997-11-28,FE,2026-09-08T20:50:03
FISV,Fiserv,Financials,Transaction & Payment Processing Services,2001-04-02,FISV,2026-09-08T20:50:03
FLEX,Flex Ltd.,Information Technology,Electronic Manufacturing Services,2026-06-22,FLEX,2026-09-08T20:50:03
F,Ford Motor Company,Consumer Discretionary,Automobile Manufacturers,1957-03-04,F,2026-09-08T20:50:03
FTNT,Fortinet,Information Technology,Systems Software,2018-10-11,FTNT,2026-09-08T20:50:03
FTV,Fortive,Industrials,Industrial Machinery & Supplies & Components,2016-07-01,FTV,2026-09-08T20:50:03
FOXA,Fox Corporation (Class A),Communication Services,Broadcasting,2019-03-19,FOXA,2026-09-08T20:50:03
FOX,Fox Corporation (Class B),Communication Services,Broadcasting,2019-03-19,FOX,2026-09-08T20:50:03
BEN,Franklin Resources,Financials,Asset Management & Custody Banks,1998-04-30,BEN,2026-09-08T20:50:03
FCX,Freeport-McMoRan,Materials,Copper,2011-07-01,FCX,2026-09-08T20:50:03
GRMN,Garmin,Consumer Discretionary,Consumer Electronics,2012-12-12,GRMN,2026-09-08T20:50:03
IT,Gartner,Information Technology,IT Consulting & Other Services,2017-04-05,IT,2026-09-08T20:50:03
GE,GE Aerospace,Industrials,Aerospace & Defense,1957-03-04,GE,2026-09-08T20:50:03
GEHC,GE HealthCare,Health Care,Health Care Equipment,2023-01-04,GEHC,2026-09-08T20:50:03
GEV,GE Vernova,Industrials,Heavy Electrical Equipment,2024-04-02,GEV,2026-09-08T20:50:03
GEN,Gen Digital,Information Technology,Systems Software,2003-03-25,GEN,2026-09-08T20:50:03
GNRC,Generac,Industrials,Heavy Electrical Equipment,2021-03-22,GNRC,2026-09-08T20:50:03
GD,General Dynamics,Industrials,Aerospace & Defense,1957-03-04,GD,2026-09-08T20:50:03
GIS,General Mills,Consumer Staples,Packaged Foods & Meats,1957-03-04,GIS,2026-09-08T20:50:03
GM,General Motors,Consumer Discretionary,Automobile Manufacturers,2013-06-06,GM,2026-09-08T20:50:03
GPC,Genuine Parts Company,Consumer Discretionary,Distributors,1973-12-31,GPC,2026-09-08T20:50:03
GILD,Gilead Sciences,Health Care,Biotechnology,2004-07-01,GILD,2026-09-08T20:50:03
GPN,Global Payments,Financials,Transaction & Payment Processing Services,2016-04-25,GPN,2026-09-08T20:50:03
GL,Globe Life,Financials,Life & Health Insurance,1989-04-30,GL,2026-09-08T20:50:03
GDDY,GoDaddy,Information Technology,Internet Services & Infrastructure,2024-06-24,GDDY,2026-09-08T20:50:03
GS,Goldman Sachs,Financials,Investment Banking & Brokerage,2002-07-22,GS,2026-09-08T20:50:03
HAL,Halliburton,Energy,Oil & Gas Equipment & Services,1957-03-04,HAL,2026-09-08T20:50:03
HIG,Hartford (The),Financials,Property & Casualty Insurance,1957-03-04,HIG,2026-09-08T20:50:03
HAS,Hasbro,Consumer Discretionary,Leisure Products,1984-09-30,HAS,2026-09-08T20:50:03
HCA,HCA Healthcare,Health Care,Health Care Facilities,2015-01-27,HCA,2026-09-08T20:50:03
DOC,Healthpeak Properties,Real Estate,Health Care REITs,2008-03-31,DOC,2026-09-08T20:50:03
HSIC,Henry Schein,Health Care,Health Care Distributors,2015-03-17,HSIC,2026-09-08T20:50:03
HSY,Hershey Company (The),Consumer Staples,Packaged Foods & Meats,1957-03-04,HSY,2026-09-08T20:50:03
HPE,Hewlett Packard Enterprise,Information Technology,"Technology Hardware, Storage & Peripherals",2015-11-02,HPE,2026-09-08T20:50:03
HLT,Hilton Worldwide,Consumer Discretionary,"Hotels, Resorts & Cruise Lines",2017-06-19,HLT,2026-09-08T20:50:03
HD,Home Depot (The),Consumer Discretionary,Home Improvement Retail,1988-03-31,HD,2026-09-08T20:50:03
HONA,Honeywell Aerospace,Industrials,Aerospace & Defense,2026-06-29,HONA,2026-09-08T20:50:03
HON,Honeywell Technologies,Industrials,Industrial Conglomerates,1957-03-04,HON,2026-09-08T20:50:03
HRL,Hormel Foods,Consumer Staples,Packaged Foods & Meats,2009-03-04,HRL,2026-09-08T20:50:03
HST,Host Hotels & Resorts,Real Estate,Hotel & Resort REITs,2007-03-20,HST,2026-09-08T20:50:03
HWM,Howmet Aerospace,Industrials,Aerospace & Defense,2016-10-21,HWM,2026-09-08T20:50:03
HPQ,HP Inc.,Information Technology,"Technology Hardware, Storage & Peripherals",1974-12-31,HPQ,2026-09-08T20:50:03
HUBB,Hubbell Incorporated,Industrials,Industrial Machinery & Supplies & Components,2023-10-18,HUBB,2026-09-08T20:50:03
HUM,Humana,Health Care,Managed Health Care,2012-12-10,HUM,2026-09-08T20:50:03
HBAN,Huntington Bancshares,Financials,Regional Banks,1997-08-28,HBAN,2026-09-08T20:50:03
HII,Huntington Ingalls Industries,Industrials,Aerospace & Defense,2018-01-03,HII,2026-09-08T20:50:03
IBM,IBM,Information Technology,IT Consulting & Other Services,1957-03-04,IBM,2026-09-08T20:50:03
IEX,IDEX Corporation,Industrials,Industrial Machinery & Supplies & Components,2019-08-09,IEX,2026-09-08T20:50:03
IDXX,Idexx Laboratories,Health Care,Health Care Equipment,2017-01-05,IDXX,2026-09-08T20:50:03
ITW,Illinois Tool Works,Industrials,Industrial Machinery & Supplies & Components,1986-02-28,ITW,2026-09-08T20:50:03
INCY,Incyte,Health Care,Biotechnology,2017-02-28,INCY,2026-09-08T20:50:03
IR,Ingersoll Rand,Industrials,Industrial Machinery & Supplies & Components,2020-03-03,IR,2026-09-08T20:50:03
PODD,Insulet Corporation,Health Care,Health Care Equipment,2023-03-15,PODD,2026-09-08T20:50:03
INTC,Intel,Information Technology,Semiconductors,1976-12-31,INTC,2026-09-08T20:50:03
IBKR,Interactive Brokers,Financials,Investment Banking & Brokerage,2025-08-28,IBKR,2026-09-08T20:50:03
ICE,Intercontinental Exchange,Financials,Financial Exchanges & Data,2007-09-26,ICE,2026-09-08T20:50:03
IFF,International Flavors & Fragrances,Materials,Specialty Chemicals,1976-03-31,IFF,2026-09-08T20:50:03
IP,International Paper,Materials,Paper & Plastic Packaging Products & Materials,1957-03-04,IP,2026-09-08T20:50:03
INTU,Intuit,Information Technology,Application Software,2000-12-05,INTU,2026-09-08T20:50:03
ISRG,Intuitive Surgical,Health Care,Health Care Equipment,2008-06-02,ISRG,2026-09-08T20:50:03
IVZ,Invesco,Financials,Asset Management & Custody Banks,2008-08-21,IVZ,2026-09-08T20:50:03
INVH,Invitation Homes,Real Estate,Single-Family Residential REITs,2022-09-19,INVH,2026-09-08T20:50:03
IQV,IQVIA,Health Care,Life Sciences Tools & Services,2017-08-29,IQV,2026-09-08T20:50:03
IRM,Iron Mountain,Real Estate,Other Specialized REITs,2009-01-06,IRM,2026-09-08T20:50:03
JBHT,J.B. Hunt,Industrials,Cargo Ground Transportation,2015-07-01,JBHT,2026-09-08T20:50:03
JBL,Jabil,Information Technology,Electronic Manufacturing Services,2023-12-18,JBL,2026-09-08T20:50:03
JKHY,Jack Henry & Associates,Financials,Transaction & Payment Processing Services,2018-11-13,JKHY,2026-09-08T20:50:03
J,Jacobs Solutions,Industrials,Construction & Engineering,2007-10-26,J,2026-09-08T20:50:03
JNJ,Johnson & Johnson,Health Care,Pharmaceuticals,1973-06-30,JNJ,2026-09-08T20:50:03
JCI,Johnson Controls,Industrials,Building Products,2010-08-27,JCI,2026-09-08T20:50:03
JPM,JPMorgan Chase,Financials,Diversified Banks,1975-06-30,JPM,2026-09-08T20:50:03
KVUE,Kenvue,Consumer Staples,Personal Care Products,2023-08-25,KVUE,2026-09-08T20:50:03
KDP,Keurig Dr Pepper,Consumer Staples,Soft Drinks & Non-alcoholic Beverages,2022-06-21,KDP,2026-09-08T20:50:03
KEY,KeyCorp,Financials,Regional Banks,1994-03-01,KEY,2026-09-08T20:50:03
KEYS,Keysight Technologies,Information Technology,Electronic Equipment & Instruments,2018-11-06,KEYS,2026-09-08T20:50:03
KMB,Kimberly-Clark,Consumer Staples,Household Products,1957-03-04,KMB,2026-09-08T20:50:03
KIM,Kimco Realty,Real Estate,Retail REITs,2006-04-04,KIM,2026-09-08T20:50:03
KMI,Kinder Morgan,Energy,Oil & Gas Storage & Transportation,2012-05-25,KMI,2026-09-08T20:50:03
KKR,KKR & Co.,Financials,Asset Management & Custody Banks,2024-06-24,KKR,2026-09-08T20:50:03
KLAC,KLA Corporation,Information Technology,Semiconductor Materials & Equipment,1997-09-30,KLAC,2026-09-08T20:50:03
KHC,Kraft Heinz,Consumer Staples,Packaged Foods & Meats,2015-07-06,KHC,2026-09-08T20:50:03
KR,Kroger,Consumer Staples,Food Retail,1957-03-04,KR,2026-09-08T20:50:03
LHX,L3Harris,Industrials,Aerospace & Defense,2008-09-22,LHX,2026-09-08T20:50:03
LH,Labcorp,Health Care,Health Care Services,2004-11-01,LH,2026-09-08T20:50:03
LRCX,Lam Research,Information Technology,Semiconductor Materials & Equipment,2012-06-29,LRCX,2026-09-08T20:50:03
LVS,Las Vegas Sands,Consumer Discretionary,Casinos & Gaming,2019-10-03,LVS,2026-09-08T20:50:03
LDOS,Leidos,Industrials,Diversified Support Services,2019-08-09,LDOS,2026-09-08T20:50:03
LEN,Lennar,Consumer Discretionary,Homebuilding,2005-10-04,LEN,2026-09-08T20:50:03
LII,Lennox International,Industrials,Building Products,2024-12-23,LII,2026-09-08T20:50:03
LLY,Lilly (Eli),Health Care,Pharmaceuticals,1970-12-31,LLY,2026-09-08T20:50:03
LIN,Linde plc,Materials,Industrial Gases,1992-07-01,LIN,2026-09-08T20:50:03
LYV,Live Nation Entertainment,Communication Services,Movies & Entertainment,2019-12-23,LYV,2026-09-08T20:50:03
LMT,Lockheed Martin,Industrials,Aerospace & Defense,1957-03-04,LMT,2026-09-08T20:50:03
L,Loews Corporation,Financials,Multi-line Insurance,1995-05-31,L,2026-09-08T20:50:03
LOW,Lowe's,Consumer Discretionary,Home Improvement Retail,1984-02-29,LOW,2026-09-08T20:50:03
LULU,Lululemon Athletica,Consumer Discretionary,"Apparel, Accessories & Luxury Goods",2023-10-18,LULU,2026-09-08T20:50:03
LITE,Lumentum,Information Technology,Communications Equipment,2026-03-23,LITE,2026-09-08T20:50:03
LYB,LyondellBasell,Materials,Specialty Chemicals,2012-09-05,LYB,2026-09-08T20:50:03
MTB,M&T Bank,Financials,Regional Banks,2004-02-23,MTB,2026-09-08T20:50:03
MPC,Marathon Petroleum,Energy,Oil & Gas Refining & Marketing,2011-07-01,MPC,2026-09-08T20:50:03
MAR,Marriott International,Consumer Discretionary,"Hotels, Resorts & Cruise Lines",1998-05-29,MAR,2026-09-08T20:50:03
MRSH,Marsh McLennan,Financials,Insurance Brokers,1987-08-31,MRSH,2026-09-08T20:50:03
MLM,Martin Marietta Materials,Materials,Construction Materials,2014-07-02,MLM,2026-09-08T20:50:03
MRVL,Marvell Technology,Information Technology,Semiconductors,2026-06-22,MRVL,2026-09-08T20:50:03
MAS,Masco,Industrials,Building Products,1981-06-30,MAS,2026-09-08T20:50:03
MA,Mastercard,Financials,Transaction & Payment Processing Services,2008-07-18,MA,2026-09-08T20:50:03
MKC,McCormick & Company,Consumer Staples,Packaged Foods & Meats,2003-03-20,MKC,2026-09-08T20:50:03
MCD,McDonald's,Consumer Discretionary,Restaurants,1970-06-30,MCD,2026-09-08T20:50:03
MCK,McKesson Corporation,Health Care,Health Care Distributors,1999-01-13,MCK,2026-09-08T20:50:03
MDT,Medtronic,Health Care,Health Care Equipment,1986-10-31,MDT,2026-09-08T20:50:03
MRK,Merck & Co.,Health Care,Pharmaceuticals,1957-03-04,MRK,2026-09-08T20:50:03
META,Meta Platforms,Communication Services,Interactive Media & Services,2013-12-23,META,2026-09-08T20:50:03
MET,MetLife,Financials,Life & Health Insurance,2000-12-11,MET,2026-09-08T20:50:03
MTD,Mettler Toledo,Health Care,Life Sciences Tools & Services,2016-09-06,MTD,2026-09-08T20:50:03
MGM,MGM Resorts,Consumer Discretionary,Casinos & Gaming,2017-07-26,MGM,2026-09-08T20:50:03
MCHP,Microchip Technology,Information Technology,Semiconductors,2007-09-07,MCHP,2026-09-08T20:50:03
MU,Micron Technology,Information Technology,Semiconductors,1994-09-27,MU,2026-09-08T20:50:03
MSFT,Microsoft,Information Technology,Systems Software,1994-06-01,MSFT,2026-09-08T20:50:03
MAA,Mid-America Apartment Communities,Real Estate,Multi-Family Residential REITs,2016-12-02,MAA,2026-09-08T20:50:03
MRNA,Moderna,Health Care,Biotechnology,2021-07-21,MRNA,2026-09-08T20:50:03
TAP,Molson Coors Beverage Company,Consumer Staples,Brewers,1976-06-30,TAP,2026-09-08T20:50:03
MDLZ,Mondelez International,Consumer Staples,Packaged Foods & Meats,2012-10-02,MDLZ,2026-09-08T20:50:03
MPWR,Monolithic Power Systems,Information Technology,Semiconductors,2021-02-12,MPWR,2026-09-08T20:50:03
MNST,Monster Beverage,Consumer Staples,Soft Drinks & Non-alcoholic Beverages,2012-06-28,MNST,2026-09-08T20:50:03
MCO,Moody's Corporation,Financials,Financial Exchanges & Data,1998-07-01,MCO,2026-09-08T20:50:03
MS,Morgan Stanley,Financials,Investment Banking & Brokerage,1993-07-29,MS,2026-09-08T20:50:03
MOS,Mosaic Company (The),Materials,Fertilizers & Agricultural Chemicals,2011-09-26,MOS,2026-09-08T20:50:03
MSI,Motorola Solutions,Information Technology,Communications Equipment,1957-03-04,MSI,2026-09-08T20:50:03
MSCI,MSCI,Financials,Financial Exchanges & Data,2018-04-04,MSCI,2026-09-08T20:50:03
NDAQ,"Nasdaq, Inc.",Financials,Financial Exchanges & Data,2008-10-22,NDAQ,2026-09-08T20:50:03
NTAP,NetApp,Information Technology,"Technology Hardware, Storage & Peripherals",1999-06-25,NTAP,2026-09-08T20:50:03
NFLX,Netflix,Communication Services,Movies & Entertainment,2010-12-20,NFLX,2026-09-08T20:50:03
NEM,Newmont,Materials,Gold,1969-06-30,NEM,2026-09-08T20:50:03
NWSA,News Corp (Class A),Communication Services,Publishing,2013-08-01,NWSA,2026-09-08T20:50:03
NWS,News Corp (Class B),Communication Services,Publishing,2015-09-18,NWS,2026-09-08T20:50:03
NEE,NextEra Energy,Utilities,Multi-Utilities,1976-06-30,NEE,2026-09-08T20:50:03
NKE,"Nike, Inc.",Consumer Discretionary,"Apparel, Accessories & Luxury Goods",1988-11-30,NKE,2026-09-08T20:50:03
NI,NiSource,Utilities,Multi-Utilities,2000-11-02,NI,2026-09-08T20:50:03
NDSN,Nordson Corporation,Industrials,Industrial Machinery & Supplies & Components,2022-02-15,NDSN,2026-09-08T20:50:03
NSC,Norfolk Southern,Industrials,Rail Transportation,1957-03-04,NSC,2026-09-08T20:50:03
NTRS,Northern Trust,Financials,Asset Management & Custody Banks,1998-01-30,NTRS,2026-09-08T20:50:03
NOC,Northrop Grumman,Industrials,Aerospace & Defense,1957-03-04,NOC,2026-09-08T20:50:03
NCLH,Norwegian Cruise Line Holdings,Consumer Discretionary,"Hotels, Resorts & Cruise Lines",2017-10-13,NCLH,2026-09-08T20:50:03
NRG,NRG Energy,Utilities,Independent Power Producers & Energy Traders,2010-01-29,NRG,2026-09-08T20:50:03
NUE,Nucor,Materials,Steel,1985-04-30,NUE,2026-09-08T20:50:03
NVDA,Nvidia,Information Technology,Semiconductors,2001-11-30,NVDA,2026-09-08T20:50:03
NVR,"NVR, Inc.",Consumer Discretionary,Homebuilding,2019-09-26,NVR,2026-09-08T20:50:03
NXPI,NXP Semiconductors,Information Technology,Semiconductors,2021-03-22,NXPI,2026-09-08T20:50:03
ORLY,O'Reilly Automotive,Consumer Discretionary,Automotive Retail,2009-03-27,ORLY,2026-09-08T20:50:03
OXY,Occidental Petroleum,Energy,Oil & Gas Exploration & Production,1957-03-04,OXY,2026-09-08T20:50:03
ODFL,Old Dominion,Industrials,Cargo Ground Transportation,2019-12-09,ODFL,2026-09-08T20:50:03
OMC,Omnicom Group,Communication Services,Advertising,1997-12-31,OMC,2026-09-08T20:50:03
ON,ON Semiconductor,Information Technology,Semiconductors,2022-06-21,ON,2026-09-08T20:50:03
OKE,Oneok,Energy,Oil & Gas Storage & Transportation,2010-03-15,OKE,2026-09-08T20:50:03
ORCL,Oracle Corporation,Information Technology,Application Software,1989-08-31,ORCL,2026-09-08T20:50:03
OTIS,Otis Worldwide,Industrials,Industrial Machinery & Supplies & Components,2020-04-03,OTIS,2026-09-08T20:50:03
PCAR,Paccar,Industrials,Construction Machinery & Heavy Transportation Equipment,1980-12-31,PCAR,2026-09-08T20:50:03
PKG,Packaging Corporation of America,Materials,Paper & Plastic Packaging Products & Materials,2017-07-26,PKG,2026-09-08T20:50:03
PLTR,Palantir Technologies,Information Technology,Application Software,2024-09-23,PLTR,2026-09-08T20:50:03
PANW,Palo Alto Networks,Information Technology,Systems Software,2023-06-20,PANW,2026-09-08T20:50:03
PSKY,Paramount Skydance Corporation,Communication Services,Movies & Entertainment,1994-09-30,PSKY,2026-09-08T20:50:03
PH,Parker Hannifin,Industrials,Industrial Machinery & Supplies & Components,1985-11-30,PH,2026-09-08T20:50:03
PAYX,Paychex,Industrials,Human Resource & Employment Services,1998-10-01,PAYX,2026-09-08T20:50:03
PYPL,PayPal,Financials,Transaction & Payment Processing Services,2015-07-20,PYPL,2026-09-08T20:50:03
PNR,Pentair,Industrials,Industrial Machinery & Supplies & Components,2012-10-01,PNR,2026-09-08T20:50:03
PEP,PepsiCo,Consumer Staples,Soft Drinks & Non-alcoholic Beverages,1957-03-04,PEP,2026-09-08T20:50:03
PFE,Pfizer,Health Care,Pharmaceuticals,1957-03-04,PFE,2026-09-08T20:50:03
PCG,PG&E Corporation,Utilities,Multi-Utilities,2022-10-03,PCG,2026-09-08T20:50:03
PM,Philip Morris International,Consumer Staples,Tobacco,2008-03-31,PM,2026-09-08T20:50:03
PSX,Phillips 66,Energy,Oil & Gas Refining & Marketing,2012-05-01,PSX,2026-09-08T20:50:03
PNW,Pinnacle West Capital,Utilities,Multi-Utilities,1999-10-04,PNW,2026-09-08T20:50:03
PNC,PNC Financial Services,Financials,Diversified Banks,1988-04-30,PNC,2026-09-08T20:50:03
PPG,PPG Industries,Materials,Specialty Chemicals,1957-03-04,PPG,2026-09-08T20:50:03
PPL,PPL Corporation,Utilities,Electric Utilities,2001-10-01,PPL,2026-09-08T20:50:03
PFG,Principal Financial Group,Financials,Life & Health Insurance,2002-07-22,PFG,2026-09-08T20:50:03
PG,Procter & Gamble,Consumer Staples,Personal Care Products,1957-03-04,PG,2026-09-08T20:50:03
PGR,Progressive Corporation,Financials,Property & Casualty Insurance,1997-08-04,PGR,2026-09-08T20:50:03
PLD,Prologis,Real Estate,Industrial REITs,2003-07-17,PLD,2026-09-08T20:50:03
PRU,Prudential Financial,Financials,Life & Health Insurance,2002-07-22,PRU,2026-09-08T20:50:03
PEG,Public Service Enterprise Group,Utilities,Electric Utilities,1957-03-04,PEG,2026-09-08T20:50:03
PTC,PTC Inc.,Information Technology,Application Software,2021-04-20,PTC,2026-09-08T20:50:03
PSA,Public Storage,Real Estate,Self-Storage REITs,2005-08-19,PSA,2026-09-08T20:50:03
PHM,PulteGroup,Consumer Discretionary,Homebuilding,1984-04-30,PHM,2026-09-08T20:50:03
PWR,Quanta Services,Industrials,Construction & Engineering,2009-07-01,PWR,2026-09-08T20:50:03
QCOM,Qualcomm,Information Technology,Semiconductors,1999-07-22,QCOM,2026-09-08T20:50:03
DGX,Quest Diagnostics,Health Care,Health Care Services,2002-12-12,DGX,2026-09-08T20:50:03
Q,Qnity Electronics,Information Technology,Semiconductor Materials & Equipment,2025-11-03,Q,2026-09-08T20:50:03
RL,Ralph Lauren Corporation,Consumer Discretionary,"Apparel, Accessories & Luxury Goods",2007-02-02,RL,2026-09-08T20:50:03
RJF,Raymond James Financial,Financials,Investment Banking & Brokerage,2017-03-20,RJF,2026-09-08T20:50:03
RDDT,Reddit,Communication Services,Interactive Media & Services,2026-08-18,RDDT,2026-09-08T20:50:03
RTX,RTX Corporation,Industrials,Aerospace & Defense,1957-03-04,RTX,2026-09-08T20:50:03
O,Realty Income,Real Estate,Retail REITs,2015-04-07,O,2026-09-08T20:50:03
REG,Regency Centers,Real Estate,Retail REITs,2017-03-02,REG,2026-09-08T20:50:03
REGN,Regeneron Pharmaceuticals,Health Care,Biotechnology,2013-05-01,REGN,2026-09-08T20:50:03
RF,Regions Financial Corporation,Financials,Regional Banks,1998-08-28,RF,2026-09-08T20:50:03
RSG,Republic Services,Industrials,Environmental & Facilities Services,2008-12-05,RSG,2026-09-08T20:50:03
RMD,ResMed|,Health Care,Health Care Equipment,2017-07-26,RMD,2026-09-08T20:50:03
RVTY,Revvity,Health Care,Health Care Equipment,1985-05-31,RVTY,2026-09-08T20:50:03
HOOD,Robinhood Markets,Financials,Investment Banking & Brokerage,2025-09-22,HOOD,2026-09-08T20:50:03
ROK,Rockwell Automation,Industrials,Electrical Components & Equipment,2000-03-12,ROK,2026-09-08T20:50:03
ROL,"Rollins, Inc.",Industrials,Environmental & Facilities Services,2018-10-01,ROL,2026-09-08T20:50:03
ROP,Roper Technologies,Information Technology,Electronic Equipment & Instruments,2009-12-23,ROP,2026-09-08T20:50:03
ROST,Ross Stores,Consumer Discretionary,Apparel Retail,2009-12-21,ROST,2026-09-08T20:50:03
RCL,Royal Caribbean Group,Consumer Discretionary,"Hotels, Resorts & Cruise Lines",2014-12-05,RCL,2026-09-08T20:50:03
SPGI,S&P Global,Financials,Financial Exchanges & Data,1957-03-04,SPGI,2026-09-08T20:50:03
CRM,Salesforce,Information Technology,Application Software,2008-09-15,CRM,2026-09-08T20:50:03
SNDK,Sandisk,Information Technology,"Technology Hardware, Storage & Peripherals",2025-11-28,SNDK,2026-09-08T20:50:03
SBAC,SBA Communications,Real Estate,Telecom Tower REITs,2017-09-01,SBAC,2026-09-08T20:50:03
SLB,Schlumberger,Energy,Oil & Gas Equipment & Services,1957-03-04,SLB,2026-09-08T20:50:03
STX,Seagate Technology,Information Technology,"Technology Hardware, Storage & Peripherals",2012-07-02,STX,2026-09-08T20:50:03
SRE,Sempra,Utilities,Multi-Utilities,2017-03-17,SRE,2026-09-08T20:50:03
NOW,ServiceNow,Information Technology,Systems Software,2019-11-21,NOW,2026-09-08T20:50:03
SHW,Sherwin-Williams,Materials,Specialty Chemicals,1964-06-30,SHW,2026-09-08T20:50:03
SPG,Simon Property Group,Real Estate,Retail REITs,2002-06-26,SPG,2026-09-08T20:50:03
SWKS,Skyworks Solutions,Information Technology,Semiconductors,2015-03-12,SWKS,2026-09-08T20:50:03
SJM,J.M. Smucker Company (The),Consumer Staples,Packaged Foods & Meats,2008-11-06,SJM,2026-09-08T20:50:03
SW,Smurfit Westrock,Materials,Paper & Plastic Packaging Products & Materials,2024-07-08,SW,2026-09-08T20:50:03
SNA,Snap-on,Industrials,Industrial Machinery & Supplies & Components,1982-09-30,SNA,2026-09-08T20:50:03
SOLV,Solventum,Health Care,Health Care Technology,2024-04-01,SOLV,2026-09-08T20:50:03
SO,Southern Company,Utilities,Electric Utilities,1957-03-04,SO,2026-09-08T20:50:03
LUV,Southwest Airlines,Industrials,Passenger Airlines,1994-07-01,LUV,2026-09-08T20:50:03
SWK,Stanley Black & Decker,Industrials,Industrial Machinery & Supplies & Components,1982-09-30,SWK,2026-09-08T20:50:03
SBUX,Starbucks,Consumer Discretionary,Restaurants,2000-06-07,SBUX,2026-09-08T20:50:03
STT,State Street Corporation,Financials,Asset Management & Custody Banks,2003-03-14,STT,2026-09-08T20:50:03
STLD,Steel Dynamics,Materials,Steel,2022-12-22,STLD,2026-09-08T20:50:03
STE,Steris,Health Care,Health Care Equipment,2019-12-23,STE,2026-09-08T20:50:03
SYK,Stryker Corporation,Health Care,Health Care Equipment,2000-12-12,SYK,2026-09-08T20:50:03
SMCI,Supermicro,Information Technology,"Technology Hardware, Storage & Peripherals",2024-03-18,SMCI,2026-09-08T20:50:03
SYF,Synchrony Financial,Financials,Consumer Finance,2015-11-18,SYF,2026-09-08T20:50:03
SNPS,Synopsys,Information Technology,Application Software,2017-03-16,SNPS,2026-09-08T20:50:03
SYY,Sysco,Consumer Staples,Food Distributors,1986-12-31,SYY,2026-09-08T20:50:03
TMUS,T-Mobile US,Communication Services,Wireless Telecommunication Services,2019-07-15,TMUS,2026-09-08T20:50:03
TROW,T. Rowe Price,Financials,Asset Management & Custody Banks,2019-07-29,TROW,2026-09-08T20:50:03
TTWO,Take-Two Interactive,Communication Services,Interactive Home Entertainment,2018-03-19,TTWO,2026-09-08T20:50:03
TPR,"Tapestry, Inc.",Consumer Discretionary,"Apparel, Accessories & Luxury Goods",2004-09-01,TPR,2026-09-08T20:50:03
TRGP,Targa Resources,Energy,Oil & Gas Storage & Transportation,2022-10-12,TRGP,2026-09-08T20:50:03
TGT,Target Corporation,Consumer Staples,Consumer Staples Merchandise Retail,1976-12-31,TGT,2026-09-08T20:50:03
TEL,TE Connectivity,Information Technology,Electronic Manufacturing Services,2011-10-17,TEL,2026-09-08T20:50:03
TDY,Teledyne Technologies,Information Technology,Electronic Equipment & Instruments,2020-06-22,TDY,2026-09-08T20:50:03
TER,Teradyne,Information Technology,Semiconductor Materials & Equipment,2020-09-21,TER,2026-09-08T20:50:03
TSLA,"Tesla, Inc.",Consumer Discretionary,Automobile Manufacturers,2020-12-21,TSLA,2026-09-08T20:50:03
TXN,Texas Instruments,Information Technology,Semiconductors,2001-03-12,TXN,2026-09-08T20:50:03
TPL,Texas Pacific Land Corporation,Energy,Oil & Gas Exploration & Production,2024-11-26,TPL,2026-09-08T20:50:03
TXT,Textron,Industrials,Aerospace & Defense,1978-12-31,TXT,2026-09-08T20:50:03
TMO,Thermo Fisher Scientific,Health Care,Life Sciences Tools & Services,2004-08-03,TMO,2026-09-08T20:50:03
TJX,TJX Companies,Consumer Discretionary,Apparel Retail,1985-09-30,TJX,2026-09-08T20:50:03
TKO,TKO Group Holdings,Communication Services,Movies & Entertainment,2025-03-24,TKO,2026-09-08T20:50:03
TTD,Trade Desk (The),Communication Services,Advertising,2025-07-18,TTD,2026-09-08T20:50:03
TSCO,Tractor Supply,Consumer Discretionary,Other Specialty Retail,2014-01-24,TSCO,2026-09-08T20:50:03
TT,Trane Technologies,Industrials,Building Products,2010-11-17,TT,2026-09-08T20:50:03
TDG,TransDigm Group,Industrials,Aerospace & Defense,2016-06-03,TDG,2026-09-08T20:50:03
TRV,Travelers Companies (The),Financials,Property & Casualty Insurance,2002-08-21,TRV,2026-09-08T20:50:03
TRMB,Trimble Inc.,Information Technology,Application Software,2021-01-21,TRMB,2026-09-08T20:50:03
TFC,Truist Financial,Financials,Diversified Banks,1997-12-04,TFC,2026-09-08T20:50:03
TYL,Tyler Technologies,Information Technology,Application Software,2020-06-22,TYL,2026-09-08T20:50:03
TSN,Tyson Foods,Consumer Staples,Packaged Foods & Meats,2005-08-10,TSN,2026-09-08T20:50:03
USB,U.S. Bancorp,Financials,Diversified Banks,1999-11-01,USB,2026-09-08T20:50:03
UBER,Uber,Industrials,Passenger Ground Transportation,2023-12-18,UBER,2026-09-08T20:50:03
UDR,"UDR, Inc.",Real Estate,Multi-Family Residential REITs,2016-03-07,UDR,2026-09-08T20:50:03
ULTA,Ulta Beauty,Consumer Discretionary,Other Specialty Retail,2016-04-18,ULTA,2026-09-08T20:50:03
UNP,Union Pacific Corporation,Industrials,Rail Transportation,1957-03-04,UNP,2026-09-08T20:50:03
UAL,United Airlines Holdings,Industrials,Passenger Airlines,2015-09-03,UAL,2026-09-08T20:50:03
UPS,United Parcel Service,Industrials,Air Freight & Logistics,2002-07-22,UPS,2026-09-08T20:50:03
URI,United Rentals,Industrials,Trading Companies & Distributors,2014-09-20,URI,2026-09-08T20:50:03
UNH,UnitedHealth Group,Health Care,Managed Health Care,1994-07-01,UNH,2026-09-08T20:50:03
UHS,Universal Health Services,Health Care,Health Care Facilities,2014-09-20,UHS,2026-09-08T20:50:03
VLO,Valero Energy,Energy,Oil & Gas Refining & Marketing,2002-12-20,VLO,2026-09-08T20:50:03
VEEV,Veeva Systems,Health Care,Health Care Technology,2026-05-07,VEEV,2026-09-08T20:50:03
VTR,Ventas,Real Estate,Health Care REITs,2009-03-04,VTR,2026-09-08T20:50:03
VLTO,Veralto,Industrials,Environmental & Facilities Services,2023-10-02,VLTO,2026-09-08T20:50:03
VRSN,Verisign,Information Technology,Internet Services & Infrastructure,2006-02-01,VRSN,2026-09-08T20:50:03
VRSK,Verisk Analytics,Industrials,Research & Consulting Services,2015-10-08,VRSK,2026-09-08T20:50:03
VZ,Verizon,Communication Services,Integrated Telecommunication Services,1983-11-30,VZ,2026-09-08T20:50:03
VRTX,Vertex Pharmaceuticals,Health Care,Biotechnology,2013-09-23,VRTX,2026-09-08T20:50:03
VRT,Vertiv,Industrials,Electrical Components & Equipment,2026-03-23,VRT,2026-09-08T20:50:03
VTRS,Viatris,Health Care,Pharmaceuticals,2004-04-23,VTRS,2026-09-08T20:50:03
VICI,Vici Properties,Real Estate,Hotel & Resort REITs,2022-06-08,VICI,2026-09-08T20:50:03
V,Visa Inc.,Financials,Transaction & Payment Processing Services,2009-12-21,V,2026-09-08T20:50:03
VST,Vistra Corp.,Utilities,Electric Utilities,2024-05-08,VST,2026-09-08T20:50:03
VMRK,Vivmark Residential,Real Estate,Multi-Family Residential REITs,2001-12-03,VMRK,2026-09-08T20:50:03
VMC,Vulcan Materials Company,Materials,Construction Materials,1999-06-30,VMC,2026-09-08T20:50:03
WRB,W. R. Berkley Corporation,Financials,Property & Casualty Insurance,2019-12-05,WRB,2026-09-08T20:50:03
GWW,W. W. Grainger,Industrials,Industrial Machinery & Supplies & Components,1981-06-30,GWW,2026-09-08T20:50:03
WAB,Wabtec,Industrials,Construction Machinery & Heavy Transportation Equipment,2019-02-27,WAB,2026-09-08T20:50:03
WMT,Walmart,Consumer Staples,Consumer Staples Merchandise Retail,1982-08-31,WMT,2026-09-08T20:50:03
DIS,Walt Disney Company (The),Communication Services,Movies & Entertainment,1976-06-30,DIS,2026-09-08T20:50:03
WBD,Warner Bros. Discovery,Communication Services,Broadcasting,2022-04-11,WBD,2026-09-08T20:50:03
WM,Waste Management,Industrials,Environmental & Facilities Services,1998-08-31,WM,2026-09-08T20:50:03
WAT,Waters Corporation,Health Care,Life Sciences Tools & Services,2002-01-02,WAT,2026-09-08T20:50:03
WEC,WEC Energy Group,Utilities,Electric Utilities,2008-10-31,WEC,2026-09-08T20:50:03
WFC,Wells Fargo,Financials,Diversified Banks,1976-06-30,WFC,2026-09-08T20:50:03
WELL,Welltower,Real Estate,Health Care REITs,2009-01-30,WELL,2026-09-08T20:50:03
WST,West Pharmaceutical Services,Health Care,Health Care Supplies,2020-05-22,WST,2026-09-08T20:50:03
WDC,Western Digital,Information Technology,"Technology Hardware, Storage & Peripherals",2009-07-01,WDC,2026-09-08T20:50:03
WY,Weyerhaeuser,Real Estate,Timber REITs,1979-10-01,WY,2026-09-08T20:50:03
WSM,"Williams-Sonoma, Inc.",Consumer Discretionary,Homefurnishing Retail,2025-03-24,WSM,2026-09-08T20:50:03
WMB,Williams Companies,Energy,Oil & Gas Storage & Transportation,1975-03-31,WMB,2026-09-08T20:50:03
WTW,Willis Towers Watson,Financials,Insurance Brokers,2016-01-05,WTW,2026-09-08T20:50:03
WDAY,"Workday, Inc.",Information Technology,Application Software,2024-12-23,WDAY,2026-09-08T20:50:03
WYNN,Wynn Resorts,Consumer Discretionary,Casinos & Gaming,2008-11-14,WYNN,2026-09-08T20:50:03
XEL,Xcel Energy,Utilities,Multi-Utilities,1957-03-04,XEL,2026-09-08T20:50:03
XYL,Xylem Inc.,Industrials,Industrial Machinery & Supplies & Components,2011-11-01,XYL,2026-09-08T20:50:03
YUM,Yum! Brands,Consumer Discretionary,Restaurants,1997-10-06,YUM,2026-09-08T20:50:03
ZBRA,Zebra Technologies,Information Technology,Electronic Equipment & Instruments,2019-12-23,ZBRA,2026-09-08T20:50:03
ZBH,Zimmer Biomet,Health Care,Health Care Equipment,2001-08-07,ZBH,2026-09-08T20:50:03
ZTS,Zoetis,Health Care,Pharmaceuticals,2013-06-21,ZTS,2026-09-08T20:50:03
